䒠ԍ,,ݒn,,wꏊ,摜,摜2,AED,__,FIXEDID,X,Y,F,o^,XV,J͈
0,啪sݒns,LCSڂPԂP@LCRڂQԂP,ʓ@Y,QKԏ,,,0,Ôgr,200451,28582.42894,57001.18966,Fς,2017/5/16 9:30,,OJ
0,啪sݒns,LCSڂPԂP@LCRڂQԂP,ʓ@Y,QKԏ,,,0,Ôgr,200452,28502.54414,56869.67307,Fς,2017/5/16 9:30,,OJ
1,j`ytr,O쉺Q|V|QW,,R`UK̊KiExEʘH,,,0,Ôgr,200235,27927.03904,62362.16933,Fς,2017/5/16 9:30,,OJ
2,啪s,חgQ|RP,{ɁEQ,QɂUK匤C,,,0,Ôgr,200236,26760.67909,56710.37844,Fς,2017/5/16 9:30,,OJ
3,啪Љ,ÒQڂP|SP,,R`SK̊KiExEx_,,,0,Ôgr,200237,27700.4595,58283.23696,Fς,2017/5/16 9:30,,OJ
4,r,VU|PT,,R`UK̊OKiEx,,,0,Ôgr,200238,27979.58846,60582.17975,Fς,2017/5/16 9:30,,OJ
5,rQ,R|S|U,,R`UK̊OKiEx,,,0,Ôgr,200239,28050.74671,61025.73134,Fς,2017/5/16 9:30,,OJ
6,pr,OVQ|R|RX,,R`SK̊KiEx,,,0,Ôgr,200240,28227.29608,62543.21722,Fς,2017/5/16 9:30,,OJ
7,pWߍ,OS|T|QW,,R`SK̊KiExEL,,,0,Ôgr,200241,27966.30593,63558.78874,Fς,2017/5/16 9:30,,OJ
8,RZ[mj,OS|S|V,,R`WK̊KiExEL,,,0,Ôgr,200242,27952.85986,63620.34622,Fς,2017/5/16 9:30,,OJ
9,scgZ,lPQԂQT,,S`XK̊KiExEL,,,0,Ôgr,200243,26816.13344,70130.01849,Fς,2017/5/16 9:30,,OJ
10,ba{@td,厚QPVX,,R`UK̊KiExEʘH,,,0,Ôgr,200244,25579.34017,68795.17381,Fς,2017/5/16 9:30,,OJ
11,hDy[ER[,厚ƂPOXUԒn̂P,,R`PQK̊KiExEduz[,,,0,Ôgr,200245,27577.16176,56289.727,Fς,2017/5/16 9:30,,OJ
12,啪gbN,P|P|QV,,R`TK̊OKiEx,,,0,Ôgr,200246,28126.7347,61118.94052,Fς,2017/5/16 9:30,,OJ
13,ʗ{Vlz[S؉,厚PWOO,,P`SK̋󂫃Xy[X,,,0,Ôgr,200247,25729.46225,71810.815,Fς,2017/5/16 9:30,,OJ
14,scnZ,厚nUUXԒn,a|PAa|QAa|RAa|S,RKȏ̊KiEx,,,0,Ôgr,200248,26713.66017,73623.50143,Fς,2017/5/16 9:30,,OJ
14,scnZ,厚nUUXԒn,a|PAa|QAa|RAa|S,RKȏ̊KiEx,,,0,Ôgr,200254,26724.28306,73576.61982,Fς,2017/5/16 9:30,,OJ
14,scnZ,厚nUUXԒn,B-1AB-2AB-3AB-4,RKȏ̊KiEx,,,0,Ôgr,200255,26750.53839,73589.12275,Fς,2017/5/16 9:30,,OJ
14,scnZ,厚nUUXԒn,a|PAa|QAa|RAa|S,RKȏ̊KiEx,,,0,Ôgr,200256,26738.6639,73643.49707,Fς,2017/5/16 9:30,,OJ
15,₩@̂,msOڂPUԂQQ,1,R`SK̊KiEx,,,0,Ôgr,200249,26111.81648,70037.99689,Fς,2017/5/16 9:30,,OJ
16,scZ,厚SPVQPԒn̂QVERO,P`PAP`QAP`RAP`SAQ`P,R`TK̊KiEx,,,0,Ôgr,200250,26370.70165,58940.42088,Fς,2017/5/16 9:30,,OJ
16,scZ,厚SPVQPԒn̂QVERO,P`PAP`QAP`RAP`SAQ`P,R`TK̊KiEx,,,0,Ôgr,200257,26334.44213,58962.91389,Fς,2017/5/16 9:30,,OJ
16,scZ,厚SPVQPԒn̂QVERO,P`PAP`QAP`RAP`SAQ`P,R`TK̊KiEx,,,0,Ôgr,200258,26445.6968,58998.54547,Fς,2017/5/16 9:30,,OJ
16,scZ,厚SPVQPԒn̂QVERO,P`PAP`QAP`RAP`SAQ`P,R`TK̊KiEx,,,0,Ôgr,200259,26420.07566,59021.66333,Fς,2017/5/16 9:30,,OJ
16,scZ,厚SPVQPԒn̂QVERO,P`PAP`QAP`RAP`SAQ`P,R`TK̊KiEx,,,0,Ôgr,200260,26376.94556,59024.79585,Fς,2017/5/16 9:30,,OJ
17,CIX,鐼QWԂP,,RK㒓ԏ,,,0,Ôgr,200251,26981.09564,60815.6442,Fς,2017/5/16 9:30,,OJ
18,LXJC}V啪,VPW|QS,,R`PPK̊KiExEʘH,,,0,Ôgr,200261,27641.96275,60877.51598,Fς,2017/5/16 9:30,,OJ
19,X^[_Xgԍ,ԍQڂX|QW,,R`TK̊KiExEʘH,,,0,Ôgr,200262,28020.41453,61917.86852,Fς,2017/5/16 9:30,,OJ
20,A[oO[,򒬂PR|PO,,R`UK̊KiExEʘH,,,0,Ôgr,200263,27978.74138,57041.80253,Fς,2017/5/16 9:30,,OJ
21,A[oO[L,LPڂP|QO,,R`WK̊KiExEʘH,,,0,Ôgr,200264,27550.30999,57446.69269,Fς,2017/5/16 9:30,,OJ
22,A[oxf㒬,㒬R|Q|W,,R`XK̊KiExEʘH,,,0,Ôgr,200265,27117.24418,56308.68617,Fς,2017/5/16 9:30,,OJ
23,A[oO[l,lPڂU|R,,R`WK̊KiExEʘH,,,0,Ôgr,200266,26412.52232,57409.10162,Fς,2017/5/16 9:30,,OJ
24,scHm]QZ,厚؂QXOԒn,rTVArTWArUR,R`SK̊KiEx,,,0,Ôgr,200267,27062.19261,81241.01621,Fς,2017/5/16 9:30,,OJ
24,scHm]QZ,厚؂QXOԒn,rTVArTWArUR,R`SK̊KiEx,,,0,Ôgr,200268,27084.06855,81284.15061,Fς,2017/5/16 9:30,,OJ
24,scHm]QZ,厚؂QXOԒn,rTVArTWArUR,R`SK̊KiEx,,,0,Ôgr,200269,27104.69662,81305.39446,Fς,2017/5/16 9:30,,OJ
25,scË{Z,厚ւQVUԒn̂P,gPAgW,RK̗x,,,0,Ôgr,200270,27672.74061,80394.29394,Fς,2017/5/16 9:30,,OJ
25,scË{Z,厚ւQVUԒn̂P,gPAgW,RK̗x,,,0,Ôgr,200271,27645.23269,80401.79011,Fς,2017/5/16 9:30,,OJ
26,scKwOZ,厚{_QWPԒn̂R,gPR,R`TK̊KiEx,,,0,Ôgr,200272,26383.20799,74129.65479,Fς,2017/5/16 9:30,,OJ
27,tNV啪,R|Q|T,,R`TK̊KiExEʘH,,,0,Ôgr,200273,27970.23469,60951.86425,Fς,2017/5/16 9:30,,OJ
28,RXR[|,Q|P|V,,R`SK̊KiExEʘH,,,0,Ôgr,200274,27853.47143,61243.23247,Fς,2017/5/16 9:30,,OJ
29,T],PڂV|W,,R`VK̊KiExEʘH,,,0,Ôgr,200275,27504.83858,60962.06873,Fς,2017/5/16 9:30,,OJ
30,NIeBnCc,ԍPڂRԂQO,,R`SK̊KiEx,,,0,Ôgr,200276,27843.60255,61871.37213,Fς,2017/5/16 9:30,,OJ
31,\tBACg,PڂW|S,,R`TK̊KiEx,,,0,Ôgr,200277,27491.00181,61024.02706,Fς,2017/5/16 9:30,,OJ
32,NC蒬,蒬RڂR|RX,,R`WK̊KiExEʘH,,,0,Ôgr,200278,26492.70203,57244.14732,Fς,2017/5/16 9:30,,OJ
33,r,P|R|QO,,R`SK̊KiExEʘH,,,0,Ôgr,200279,28232.31169,61818.6305,Fς,2017/5/16 9:30,,OJ
34,,厚STPԒn,,P`QK̑ҍEՎEL,,,0,Ôgr,200280,26427.05961,69074.40338,Fς,2017/5/16 9:30,,OJ
35,kQP,msPڂR|RS,,R`POK̊KiEx,,,0,Ôgr,200281,26359.48478,69775.97105,Fς,2017/5/16 9:30,,OJ
36,Jt[ђ,ђPڂV|PW,,RK̗xEʘH,,,0,Ôgr,200282,26193.19092,57777.29176,Fς,2017/5/16 9:30,,OJ
37,r,PڂQ|P,,R`XK̊KiExEʘH,,,0,Ôgr,200283,27307.12816,61053.015,Fς,2017/5/16 9:30,,OJ
38,CnCc,gPW|QQ,,R`UK̊KiExEʘH,,,0,Ôgr,200284,27365.93376,60917.31808,Fς,2017/5/16 9:30,,OJ
39,؇U,㒬P|Q|RT,,R`POK̊KiExEʘH,,,0,Ôgr,200285,27182.54275,56552.63166,Fς,2017/5/16 9:30,,OJ
40,xO,O쉺P|Q|V,,R`TK̊KiExEʘH,,,0,Ôgr,200286,27607.71189,62145.23703,Fς,2017/5/16 9:30,,OJ
41,lIX,蒬P|U|PU,,RKʘH,,,0,Ôgr,200287,27464.1566,61888.21189,Fς,2017/5/16 9:30,,OJ
42,vCR[g,R|P|QT,,RK̗xEL,,,0,Ôgr,200288,27391.80681,57470.57946,Fς,2017/5/16 9:30,,OJ
43,nӃR[|,OS|Q|QW,,R`UK̊KiExEʘH,,,0,Ôgr,200289,27445.1171,62464.69455,Fς,2017/5/16 9:30,,OJ
44,I[Vb,蒬Q|Q|P,,RK̗xEL,,,0,Ôgr,200290,27337.68362,62094.12924,Fς,2017/5/16 9:30,,OJ
45,I[VbU,蒬Q|Q|Q,,RK̗xEL,,,0,Ôgr,200291,27351.57609,62109.20113,Fς,2017/5/16 9:30,,OJ
46,]ZUk,Q|S|QT,,R`WK̊KiExEʘH,,,0,Ôgr,200292,28323.00815,62013.22211,Fς,2017/5/16 9:30,,OJ
47,mr,厚XTXVԒnT,,R`VK̊KiExEL,,,0,Ôgr,200293,25091.09223,63456.91919,Fς,2017/5/16 9:30,,OJ
48,R[|XYL,ƒPڂS|RT,No.6@No.7,R`SK̊KiExEL,,,0,Ôgr,200305,27153.02773,55893.90163,Fς,2017/5/16 9:30,,OJ
48,R[|XYL,ƒPڂS|RT,NO.6@No.7,R`SK̊KiExEL,,,0,Ôgr,200306,27130.52795,55890.14525,Fς,2017/5/16 9:30,,OJ
49,R[|O,O쉺P|Q|QO,,R`SK̊KiExEL,,,0,Ôgr,200307,27606.61756,62190.52922,Fς,2017/5/16 9:30,,OJ
50,쐅ĐZ^[,RڂPԂRP,D,RKz[ELEɐΊDzbp[yщ,,,0,Ôgr,200308,28469.76184,62107.27351,Fς,2017/5/16 9:30,,OJ
51,scۏZ,厚ۂPRW|PAPRW|XAPRW|SAPSW|P,`AaAbAc,RK̗x,,,0,Ôgr,200309,23521.2111,64404.24963,Fς,2017/5/16 9:30,,OJ
51,scۏZ,厚ۂPRW|PAPRW|XAPRW|SAPSW|P,`AaAbAc,RK̗x,,,0,Ôgr,200310,23549.33774,64409.87106,Fς,2017/5/16 9:30,,OJ
51,scۏZ,厚ۂPRW|PAPRW|XAPRW|SAPSW|P,`AaAbAc,RK̗x,,,0,Ôgr,200311,23578.0869,64412.37485,Fς,2017/5/16 9:30,,OJ
51,scۏZ,厚ۂPRW|PAPRW|XAPRW|SAPSW|P,`AaAbAc,RK̗x,,,0,Ôgr,200312,23566.21892,64460.49829,Fς,2017/5/16 9:30,,OJ
52,scZ,厚ߍQPST|P,P`P,R`TK̊KiEx,,,0,Ôgr,200313,27190.70344,63671.63376,Fς,2017/5/16 9:30,,OJ
53,sciZ,ߍQ|Q|PSAU|QOAU|PS,P`PAQ`PAQ`Q,RK̗x,,,0,Ôgr,200314,27076.71047,63644.01514,Fς,2017/5/16 9:30,,OJ
53,sciZ,ߍQ|Q|PSAU|QOAU|PS,P`PAQ`PAQ`Q,RK̗x,,,0,Ôgr,200315,27046.04529,63650.32921,Fς,2017/5/16 9:30,,OJ
53,sciZ,ߍQ|Q|PSAU|QOAU|PS,P`PAQ`PAQ`Q,RK̗x,,,0,Ôgr,200316,27021.82263,63646.46228,Fς,2017/5/16 9:30,,OJ
54,sccZ,厚ۂWUԒn̂S,,RK̗x,,,0,Ôgr,200317,23334.55174,64340.18358,Fς,2017/5/16 9:30,,OJ
55,Q}V,쒬WԂQ,,R`UK̊KiExEL,,,0,Ôgr,200318,27077.34615,61224.10154,Fς,2017/5/16 9:30,,OJ
56,Rr,쒬XԂRR,,R`SK̊KiExEL,,,0,Ôgr,200319,26994.97869,61074.91907,Fς,2017/5/16 9:30,,OJ
57,Rr,lPڂQ|Q,,R`TK̊KiExEL,,,0,Ôgr,200320,26252.4284,57421.01746,Fς,2017/5/16 9:30,,OJ
58,`s}TL,lPڂT|T,,R`TK̊KiExEL,,,0,Ôgr,200321,26398.99987,57374.4958,Fς,2017/5/16 9:30,,OJ
59,scV쒬Z,V쒬QڂPOԂTO,Q`P,R`TK̊KiEx,,,0,Ôgr,200322,28072.07623,56814.64584,Fς,2017/5/16 9:30,,OJ
60,sclZ,lQڂQP|QAPW|PUAPR|PAPV|PQAPQ|SAPX|UAPT|Q`R,P`PAP`QAQ`PAP`RAQ`QAP`SAQ`R,R`TK̊KiEx,,,0,Ôgr,200323,27709.35983,59207.66389,Fς,2017/5/16 9:30,,OJ
60,sclZ,lQڂQP|QAPW|PUAPR|PAPV|PQAPQ|SAPX|UAPT|Q`R,P`PAP`QAQ`PAP`RAQ`QAP`SAQ`R,R`TK̊KiEx,,,0,Ôgr,200324,27682.48224,59208.28419,Fς,2017/5/16 9:30,,OJ
60,sclZ,lQڂQP|QAPW|PUAPR|PAPV|PQAPQ|SAPX|UAPT|Q`R,P`PAP`QAQ`PAP`RAQ`QAP`SAQ`R,R`TK̊KiEx,,,0,Ôgr,200325,27626.23496,59224.53252,Fς,2017/5/16 9:30,,OJ
60,sclZ,lQڂQP|QAPW|PUAPR|PAPV|PQAPQ|SAPX|UAPT|Q`R,P`PAP`QAQ`PAP`RAQ`QAP`SAQ`R,R`TK̊KiEx,,,0,Ôgr,200326,27593.72574,59234.53309,Fς,2017/5/16 9:30,,OJ
60,sclZ,lQڂQP|QAPW|PUAPR|PAPV|PQAPQ|SAPX|UAPT|Q`R,P`PAP`QAQ`PAP`RAQ`QAP`SAQ`R,R`TK̊KiEx,,,0,Ôgr,200327,27561.85016,59233.90735,Fς,2017/5/16 9:30,,OJ
60,sclZ,lQڂQP|QAPW|PUAPR|PAPV|PQAPQ|SAPX|UAPT|Q`R,P`PAP`QAQ`PAP`RAQ`QAP`SAQ`R,R`TK̊KiEx,,,0,Ôgr,200328,27615.61079,59166.41604,Fς,2017/5/16 9:30,,OJ
60,sclZ,lQڂQP|QAPW|PUAPR|PAPV|PQAPQ|SAPX|UAPT|Q`R,P`PAP`QAQ`PAP`RAQ`QAP`SAQ`R,R`TK̊KiEx,,,0,Ôgr,200329,27568.10014,59173.28375,Fς,2017/5/16 9:30,,OJ
61,scZ,SڂPQ|QPAPQ|QS,P`PAQ`P,RESK̊KiEx,,,0,Ôgr,200330,27639.36385,60020.27771,Fς,2017/5/16 9:30,,OJ
61,scZ,SڂPQ|QPAPQ|QS,P`PAQ`P,RESK̊KiEx,,,0,Ôgr,200331,27611.86932,60023.4012,Fς,2017/5/16 9:30,,OJ
62,sccZ,cRڂX,,RESK̊KiExEʘH,,,0,Ôgr,200332,26492.07185,58595.83071,Fς,2017/5/16 9:30,,OJ
63,scZ,ÒQڂRԁASԁAT,P`PAP`QAQ`P,R`TK̊KiEx,,,0,Ôgr,200334,27847.57925,58332.26988,Fς,2017/5/16 9:30,,OJ
63,scZ,ÒQڂRԁASԁAT,P`PAP`QAQ`P,R`TK̊KiEx,,,0,Ôgr,200335,27805.70719,58314.14654,Fς,2017/5/16 9:30,,OJ
63,scZ,ÒQڂRԁASԁAT,P`PAP`QAQ`P,R`TK̊KiEx,,,0,Ôgr,200336,27766.94846,58304.7724,Fς,2017/5/16 9:30,,OJ
64,sccmYZ,厚cmYQĝQ,,R`TK̊KiExEʘH,,,0,Ôgr,200337,28447.20836,50748.41751,Fς,2017/5/16 9:30,,OJ
65,V[TCh啽,vPڂXԂPW,,R`XK̊KiEʘH,,,0,Ôgr,200338,26550.91973,70524.94024,Fς,2017/5/16 9:30,,OJ
66,rWlXze,RڂPXԂR,,RK̊KiExELyщ,,,0,Ôgr,200339,27500.18119,64896.16997,Fς,2017/5/16 9:30,,OJ
67,×Z,cQڂPS|PAPT|PAPU|PAPV|PAPW|PAPX|P,QARASATAUAV,RKȏ̊Kiyїx,,,0,Ôgr,200340,26271.55261,58489.69171,Fς,2017/5/16 9:30,,OJ
67,×Z,cQڂPS|PAPT|PAPU|PAPV|PAPW|PAPX|P,QARASATAUAV,RKȏ̊Kiyїx,,,0,Ôgr,200341,26238.42565,58498.44638,Fς,2017/5/16 9:30,,OJ
67,×Z,cQڂPS|PAPT|PAPU|PAPV|PAPW|PAPX|P,QARASATAUAV,RKȏ̊Kiyїx,,,0,Ôgr,200342,26210.92473,58507.81955,Fς,2017/5/16 9:30,,OJ
67,×Z,cQڂPS|PAPT|PAPU|PAPV|PAPW|PAPX|P,QARASATAUAV,RKȏ̊Kiyїx,,,0,Ôgr,200343,26286.54609,58537.81906,Fς,2017/5/16 9:30,,OJ
67,×Z,cQڂPS|PAPT|PAPU|PAPV|PAPW|PAPX|P,QARASATAUAV,RKȏ̊Kiyїx,,,0,Ôgr,200344,26257.80052,58557.82376,Fς,2017/5/16 9:30,,OJ
67,×Z,cQڂPS|PAPT|PAPU|PAPV|PAPW|PAPX|P,QARASATAUAV,RKȏ̊Kiyїx,,,0,Ôgr,200345,26229.04709,58572.82417,Fς,2017/5/16 9:30,,OJ
67,×Z,cRڂQT|PAQT|Q,WAX,RKȏ̊Kiyїx,,,0,Ôgr,200346,26267.79801,58619.68986,Fς,2017/5/16 9:30,,OJ
67,×Z,cRڂQT|PAQT|Q,WAX,RKȏ̊Kiyїx,,,0,Ôgr,200347,26239.67602,58627.19393,Fς,2017/5/16 9:30,,OJ
67,FZ,ÒPڂPU|PAPU|QAPU|R,PAQAR,RKȏ̊Kiyїx,,,0,Ôgr,200348,27672.94833,57961.34822,Fς,2017/5/16 9:30,,OJ
67,FZ,ÒPڂPU|PAPU|QAPU|R,PAQAR,RKȏ̊Kiyїx,,,0,Ôgr,200349,27703.58037,57948.85675,Fς,2017/5/16 9:30,,OJ
67,FZ,ÒPڂPU|PAPU|QAPU|R,PAQAR,RKȏ̊Kiyїx,,,0,Ôgr,200350,27734.83027,57946.97465,Fς,2017/5/16 9:30,,OJ
68,啪ԏ\a@iǗj,㒬RڂQ|RV,,TKcق,,,0,Ôgr,200351,27192.09301,56376.51802,Fς,2017/5/16 9:30,,OJ
69,scYZ,ߍRڂT,`Aa,RESK̊KiEx,,,0,Ôgr,200352,26551.70718,64756.63687,Fς,2017/5/16 9:30,,OJ
69,scYZ,ߍRڂT,`Aa,RESK̊KiEx,,,0,Ôgr,200353,26527.96454,64751.64166,Fς,2017/5/16 9:30,,OJ
70,tbVK[fj,哹PڂWԂW,,R`UK̊KiExEʘH,,,0,Ôgr,200354,25827.8768,56253.29655,Fς,2017/5/16 9:30,,OJ
71,XeR[g,哹PڂPOԂQV,,R`TK̊KiExEʘH,,,0,Ôgr,200355,25867.68725,56154.11172,Fς,2017/5/16 9:30,,OJ
72,啪w,哹PڂWԂRS,,R`PPK̊KiExEʘH,,,0,Ôgr,200356,25871.96279,56233.33045,Fς,2017/5/16 9:30,,OJ
73,s`rrr,ԍQڂS|PT,,R`VK̊KiExEʘH,,,0,Ôgr,200357,27987.26479,61932.98783,Fς,2017/5/16 9:30,,OJ
74,Z^[r,PڂP|R,,R`VK̊KiExEʘH,,,0,Ôgr,200358,27355.72393,61313.72011,Fς,2017/5/16 9:30,,OJ
75,TqYNXg,RڂP|PU,,RESK̊KiExEʘH,,,0,Ôgr,200359,28016.69528,61303.54107,Fς,2017/5/16 9:30,,OJ
76,O[[O,OPڂU|PP,,RESK̊KiExEʘH,,,0,Ôgr,200360,27300.88616,63017.79948,Fς,2017/5/16 9:30,,OJ
77,pEh[ߍU,ߍRڂQԂPO,,R`PPK̊KiExEL,,,0,Ôgr,200361,26748.46046,64649.16111,Fς,2017/5/16 9:30,,OJ
78,r,tT|QQ,,R`UK̊KiExEL,,,0,Ôgr,200362,26691.1372,55636.92944,Fς,2017/5/16 9:30,,OJ
80,|X×,×PڂSԂQ,,RESK̊KiExEL,,,0,Ôgr,200364,27127.54152,58570.9025,Fς,2017/5/16 9:30,,OJ
81,A[onCc,RڂS|QV,,RESK̊KiExEʘH,,,0,Ôgr,200365,27658.46854,61799.88047,Fς,2017/5/16 9:30,,OJ
82,TCYԉ,ԉPPgU|Q,,R`PPK̊KiExEL,,,0,Ôgr,200366,23640.88142,56915.67569,Fς,2017/5/16 9:30,,OJ
83,啪,V쒬QڂPԂRU,,RK`TK̊KiтɘL,,,0,Ôgr,200367,27797.62818,56614.46592,Fς,2017/5/16 9:30,,OJ
84,tLVlz[@n[j[lG,ԍPڂU|QU,,RK`SK̊KiExEL,,,0,Ôgr,200368,27870.22661,61841.619,Fς,2017/5/16 9:30,,OJ
85,GO[t@[,×QڂQԂR,,RK`TK̊KiExEL,,,0,Ôgr,200369,27360.99893,58471.5053,Fς,2017/5/16 9:30,,OJ
86,sckZ,ݖkRڂPP,P`PAQ`P,R`TK̊KiEx,,,0,Ôgr,200370,28476.53872,66209.86036,Fς,2017/5/16 9:30,,OJ
86,UpR,kߍQڂV|QP,,RK`TK̊KiExEʘH,,,0,Ôgr,200376,26954.61219,64638.93519,Fς,2017/5/16 9:30,,OJ
87,sclZ,PڂU,Q`P,RESK̊KiExEʘH,,,0,Ôgr,200371,27766.76452,68001.76319,Fς,2017/5/16 9:30,,OJ
87,nslXߍ,ߍQڂRԂPU,,RK`UK̊KiExEʘH,,,0,Ôgr,200377,27081.19596,63558.83154,Fς,2017/5/16 9:30,,OJ
88,sccZ,厚QPOWԒn̂Q,P`PAQ`P,RESK̊KiExEʘH,,,0,Ôgr,200372,27105.97935,67354.47259,Fς,2017/5/16 9:30,,OJ
88,sccZ,厚QPOWԒn̂Q,P`PAQ`P,RESK̊KiExEʘH,,,0,Ôgr,200373,27089.73359,67365.72099,Fς,2017/5/16 9:30,,OJ
89,scmsZ,vPڂPO,Q`PAP`P,RESK̊KiExEʘH,,,0,Ôgr,200374,26524.24996,70620.99304,Fς,2017/5/16 9:30,,OJ
89,scmsZ,vPڂPO,Q`PAP`P,RESK̊KiExEʘH,,,0,Ôgr,200375,26566.11757,70621.6203,Fς,2017/5/16 9:30,,OJ
92,RXX,ߍQڂRԂQQ,,RK`SK̊KiExEʘH,,,0,Ôgr,200378,26637.15567,64871.75568,Fς,2017/5/16 9:30,,OJ
93,wZ݂т̂,rPڂWԂPR,,RK`UK̊KiExEpLEӂꂠXy[XEduz[,,,0,Ôgr,200379,25639.88067,56441.92625,Fς,2017/5/16 9:30,,OJ
94,QwZӂꂠ̂,PڂPRԂW,,RK`WK̊KiExEpLEӂꂠvUEduz[EӂꂠL,,,0,Ôgr,200380,25718.92556,57088.97004,Fς,2017/5/16 9:30,,OJ
95,SE@Clear,vRڂQԂQT,,RK`TK̊KiEʘH,,,0,Ôgr,200381,26400.55537,71103.25467,Fς,2017/5/16 9:30,,OJ
96,TVC,QڂX|QV,,RK`UK̊KiExEʘH,,,0,Ôgr,200382,27432.86067,59699.11732,Fς,2017/5/16 9:30,,OJ
97,],ݒP|PQ|P,,RK̒ʘH,,,0,Ôgr,200383,27461.61255,67141.8784,Fς,2017/5/16 9:30,,OJ
98,]U,ݒP|PQ|S,,RK`TK̊KiExEʘH,,,0,Ôgr,200384,27472.44009,67161.70728,Fς,2017/5/16 9:30,,OJ
99,p[sAX,ݒQ|P|PW,,RK`SK̊KiExEʘH,,,0,Ôgr,200385,27353.79736,67191.22892,Fς,2017/5/16 9:30,,OJ
100,r,ݒQ|P|R,,RK̒ʘH,,,0,Ôgr,200386,27390.30785,67188.55339,Fς,2017/5/16 9:30,,OJ
101,xG[,P|S|SV,,RK`PQK̊KiExEʘH,,,0,Ôgr,200387,27563.64196,67422.57171,Fς,2017/5/16 9:30,,OJ
102,r[nCT,QPUR|P,,RK̒ʘH,,,0,Ôgr,200388,27000.38924,67294.38223,Fς,2017/5/16 9:30,,OJ
103,IN^BAk,ݒQ|Q|R,,RK`XK̊KiExEʘH,,,0,Ôgr,200389,27460.28232,67222.07129,Fς,2017/5/16 9:30,,OJ
104,NAp[N,ݒQ|T|QV,,RK`TK̊KiExEʘH,,,0,Ôgr,200390,27236.94876,67282.78102,Fς,2017/5/16 9:30,,OJ
105,ubTj,P|P|PU,,RK`SK̊KiExEʘH,,,0,Ôgr,200391,27628.16508,67312.90617,Fς,2017/5/16 9:30,,OJ
106,ZtB[X,ݒQ|S|PP,,RK`TK̊KiExEʘH,,,0,Ôgr,200392,27351.54455,67261.44906,Fς,2017/5/16 9:30,,OJ
107,iCebhߍ,ߍRڂQԂU,,RK`WK̊KiExEʘH,,,0,Ôgr,200393,26776.71167,64656.76371,Fς,2017/5/16 9:30,,OJ
108,ls,ݖkS|W|W,,RK̒ʘH,,,0,Ôgr,200394,28390.74487,66699.81399,Fς,2017/5/16 9:30,,OJ
108,OaR[|c,cPڂPQ|P,,RK`PQK̊KiExEʘHEduz[,,,0,Ôgr,200453,26118.38506,58422.99298,Fς,2017/5/16 9:30,,OJ
109,jeBQP,ݖkS|W|RP,,RK̒ʘH,,,0,Ôgr,200395,28329.26775,66719.63514,Fς,2017/5/16 9:30,,OJ
109,R[v쑺c,cPڂP|PX,,RK`VK̊KiExEʘH,,,0,Ôgr,200454,26336.56104,58403.17222,Fς,2017/5/16 9:30,,OJ
110,cZ,ÒRڂPԁAQԁARԁAÒQڂQԁARԁASԁAUԁAV,Q`|PAP`|QAQ`|RAQ`|SAQ`|TAP`|UAQ`|VAP`|WAQ`|X,R`TKKiEx,,,0,Ôgr,200408,27723.80233,58572.3412,Fς,2017/5/16 9:30,,OJ
110,cZ,ÒRڂPԁAQԁARԁAÒQڂQԁARԁASԁAUԁAV,Q`|PAP`|QAQ`|RAQ`|SAQ`|TAP`|UAQ`|VAP`|WAQ`|X,R`TKKiEx,,,0,Ôgr,200409,27714.42234,58524.83943,Fς,2017/5/16 9:30,,OJ
110,cZ,ÒRڂPԁAQԁARԁAÒQڂQԁARԁASԁAUԁAV,Q`|PAP`|QAQ`|RAQ`|SAQ`|TAP`|UAQ`|VAP`|WAQ`|X,R`TKKiEx,,,0,Ôgr,200410,27753.7978,58526.09322,Fς,2017/5/16 9:30,,OJ
110,cZ,ÒRڂPԁAQԁARԁAÒQڂQԁARԁASԁAUԁAV,Q`|PAP`|QAQ`|RAQ`|SAQ`|TAP`|UAQ`|VAP`|WAQ`|X,R`TKKiEx,,,0,Ôgr,200411,27793.80728,58479.84119,Fς,2017/5/16 9:30,,OJ
110,cZ,ÒRڂPԁAQԁARԁAÒQڂQԁARԁASԁAUԁAV,Q`|PAP`|QAQ`|RAQ`|SAQ`|TAP`|UAQ`|VAP`|WAQ`|X,R`TKKiEx,,,0,Ôgr,200412,27742.551,58371.09384,Fς,2017/5/16 9:30,,OJ
110,cZ,ÒRڂPԁAQԁARԁAÒQڂQԁARԁASԁAUԁAV,Q`|PAP`|QAQ`|RAQ`|SAQ`|TAP`|UAQ`|VAP`|WAQ`|X,R`TKKiEx,,,0,Ôgr,200413,27788.17583,58395.4747,Fς,2017/5/16 9:30,,OJ
110,cZ,ÒRڂPԁAQԁARԁAÒQڂQԁARԁASԁAUԁAV,Q`|PAP`|QAQ`|RAQ`|SAQ`|TAP`|UAQ`|VAP`|WAQ`|X,R`TKKiEx,,,0,Ôgr,200414,27828.80464,58400.46719,Fς,2017/5/16 9:30,,OJ
110,cZ,ÒRڂPԁAQԁARԁAÒQڂQԁARԁASԁAUԁAV,Q`|PAP`|QAQ`|RAQ`|SAQ`|TAP`|UAQ`|VAP`|WAQ`|X,R`TKKiEx,,,0,Ôgr,200415,27860.05419,58392.97437,Fς,2017/5/16 9:30,,OJ
110,cZ,ÒRڂPԁAQԁARԁAÒQڂQԁARԁASԁAUԁAV,Q`|PAP`|QAQ`|RAQ`|SAQ`|TAP`|UAQ`|VAP`|WAQ`|X,R`TKKiEx,,,0,Ôgr,200416,27881.92825,58338.59545,Fς,2017/5/16 9:30,,OJ
110,cZ,ÒRڂSԂQRASԂRSAPԂRAQԂP,gqq|PAgqq|QAlqq|RAlqq|S,gqq|P@R`VKKiExELAgqq|Q@R`UKKiExELAlqq|R@RKxAlqq|S@R`SKKiExEL,,,0,Ôgr,200417,27788.79933,58550.47208,Fς,2017/5/16 9:30,,OJ
110,cZ,ÒRڂSԂQRASԂRSAPԂRAQԂP,gqq|PAgqq|QAlqq|RAlqq|S,gqq|P@R`VKKiExELAgqq|Q@R`UKKiExELAlqq|R@RKxAlqq|S@R`SKKiExEL,,,0,Ôgr,200418,27823.18058,58486.71801,Fς,2017/5/16 9:30,,OJ
110,cZ,ÒRڂSԂQRASԂRSAPԂRAQԂP,gqq|PAgqq|QAlqq|RAlqq|S,gqq|P@R`VKKiExELAgqq|Q@R`UKKiExELAlqq|R@RKxAlqq|S@R`SKKiExEL,,,0,Ôgr,200419,27708.80526,58439.22358,Fς,2017/5/16 9:30,,OJ
110,cZ,ÒRڂSԂQRASԂRSAPԂRAQԂP,gqq|PAgqq|QAlqq|RAlqq|S,gqq|P@R`VKKiExELAgqq|Q@R`UKKiExELAlqq|R@RKxAlqq|S@R`SKKiExEL,,,0,Ôgr,200420,27735.67637,58450.46705,Fς,2017/5/16 9:30,,OJ
111,cQZ,VnQڂRԂVAVnQڂRԂPW,P`|QAQ`|P,R`TKKiEx,,,0,Ôgr,200396,28103.98583,58340.6077,Fς,2017/5/16 9:30,,OJ
111,cQZ,VnQڂRԂVAVnQڂRԂPW,P`|QAQ`|P,R`TKKiEx,,,0,Ôgr,200397,28147.72945,58332.48124,Fς,2017/5/16 9:30,,OJ
112,ccZ,cSڂRԁAcSڂQ,P`|PAP`|QAP`|RAQ`|SAQ`|TAP`|UAP`|VAQ`|WAP`|XAP`|PO,P`|PEP`|QEP`|REP`|VEQ`|W@R`TKKiExAQ`|SEQ`|TEP`|UEP`|XAP`|PO@R`SKKiEx,,,0,Ôgr,200398,26216.27286,58760.89013,Fς,2017/5/16 9:30,,OJ
112,ccZ,cSڂRԁAcSڂQ,P`|PAP`|QAP`|RAQ`|SAQ`|TAP`|UAP`|VAQ`|WAP`|XAP`|PO,P`|PEP`|QEP`|REP`|VEQ`|W@R`TKKiExAQ`|SEQ`|TEP`|UEP`|XAP`|PO@R`SKKiEx,,,0,Ôgr,200399,26180.65096,58703.39109,Fς,2017/5/16 9:30,,OJ
112,ccZ,cSڂRԁAcSڂQ,P`|PAP`|QAP`|RAQ`|SAQ`|TAP`|UAP`|VAQ`|WAP`|XAP`|PO,P`|PEP`|QEP`|REP`|VEQ`|W@R`TKKiExAQ`|SEQ`|TEP`|UEP`|XAP`|PO@R`SKKiEx,,,0,Ôgr,200400,26156.28334,58664.01504,Fς,2017/5/16 9:30,,OJ
112,ccZ,cSڂRԁAcSڂQ,P`|PAP`|QAP`|RAQ`|SAQ`|TAP`|UAP`|VAQ`|WAP`|XAP`|PO,P`|PEP`|QEP`|REP`|VEQ`|W@R`TKKiExAQ`|SEQ`|TEP`|UEP`|XAP`|PO@R`SKKiEx,,,0,Ôgr,200401,26185.65494,58760.88906,Fς,2017/5/16 9:30,,OJ
112,ccZ,cSڂRԁAcSڂQ,P`|PAP`|QAP`|RAQ`|SAQ`|TAP`|UAP`|VAQ`|WAP`|XAP`|PO,P`|PEP`|QEP`|REP`|VEQ`|W@R`TKKiExAQ`|SEQ`|TEP`|UEP`|XAP`|PO@R`SKKiEx,,,0,Ôgr,200402,26156.90636,58717.76532,Fς,2017/5/16 9:30,,OJ
112,ccZ,cSڂRԁAcSڂQ,P`|PAP`|QAP`|RAQ`|SAQ`|TAP`|UAP`|VAQ`|WAP`|XAP`|PO,P`|PEP`|QEP`|REP`|VEQ`|W@R`TKKiExAQ`|SEQ`|TEP`|UEP`|XAP`|PO@R`SKKiEx,,,0,Ôgr,200403,26131.27466,58680.26072,Fς,2017/5/16 9:30,,OJ
112,ccZ,cSڂRԁAcSڂQ,P`|PAP`|QAP`|RAQ`|SAQ`|TAP`|UAP`|VAQ`|WAP`|XAP`|PO,P`|PEP`|QEP`|REP`|VEQ`|W@R`TKKiExAQ`|SEQ`|TEP`|UEP`|XAP`|PO@R`SKKiEx,,,0,Ôgr,200404,26120.65115,58608.38855,Fς,2017/5/16 9:30,,OJ
112,ccZ,cSڂRԁAcSڂQ,P`|PAP`|QAP`|RAQ`|SAQ`|TAP`|UAP`|VAQ`|WAP`|XAP`|PO,P`|PEP`|QEP`|REP`|VEQ`|W@R`TKKiExAQ`|SEQ`|TEP`|UEP`|XAP`|PO@R`SKKiEx,,,0,Ôgr,200405,26093.15437,58542.76878,Fς,2017/5/16 9:30,,OJ
112,ccZ,cSڂRԁAcSڂQ,P`|PAP`|QAP`|RAQ`|SAQ`|TAP`|UAP`|VAQ`|WAP`|XAP`|PO,P`|PEP`|QEP`|REP`|VEQ`|W@R`TKKiExAQ`|SEQ`|TEP`|UEP`|XAP`|PO@R`SKKiEx,,,0,Ôgr,200406,26082.53182,58594.63951,Fς,2017/5/16 9:30,,OJ
112,ccZ,cSڂRԁAcSڂQ,P`|PAP`|QAP`|RAQ`|SAQ`|TAP`|UAP`|VAQ`|WAP`|XAP`|PO,P`|PEP`|QEP`|REP`|VEQ`|W@R`TKKiExAQ`|SEQ`|TEP`|UEP`|XAP`|PO@R`SKKiEx,,,0,Ôgr,200407,26064.4038,58549.01841,Fς,2017/5/16 9:30,,OJ
113,cߏZ,ߒPڂPOԂPOAߒQڂWԂPP,P`|PAa,P`|P@RKKiExAa@R`TKKiEx,,,0,Ôgr,200421,26779.77393,57739.83706,Fς,2017/5/16 9:30,,OJ
113,cߏZ,ߒPڂPOԂPOAߒQڂWԂPP,P`|PAa,P`|P@RKKiExAa@R`TKKiEx,,,0,Ôgr,200422,26979.77666,57677.33316,Fς,2017/5/16 9:30,,OJ
114,cԒ×Z,lQڂPXԂQQAlQڂUԂP,`|PA`|Q,`|P@RK`SKKiExELA`|Q@RKKiEx,,,0,Ôgr,200423,27668.3682,59248.67002,Fς,2017/5/16 9:30,,OJ
114,cԒ×Z,lQڂPXԂQQAlQڂUԂP,`|PA`|Q,`|P@RK`SKKiExELA`|Q@RKKiEx,,,0,Ôgr,200424,27700.87118,58999.3028,Fς,2017/5/16 9:30,,OJ
115,cZ,VXԂPPAVXԂPW,P`AQ`,P`@R`TKKiExAQ`@R`SKKiEx,,,0,Ôgr,200425,27678.55682,60672.69558,Fς,2017/5/16 9:30,,OJ
115,cZ,VXԂPPAVXԂPW,P`AQ`,P`@R`TKKiExAQ`@R`SKKiEx,,,0,Ôgr,200426,27664.18686,60699.56467,Fς,2017/5/16 9:30,,OJ
116,cZ,QڂPԂPO,P`|P,R`SKKiEx,,,0,Ôgr,200427,27187.31161,64721.73828,Fς,2017/5/16 9:30,,OJ
117,cΏZ,厚ʌPRQRԒn̂PA厚΂SPWԒn̂PA厚΂SQTԒnA厚ʌPRPWԒn̂P,P`|PAP`|QAQ`|RAQ`|S,P`|P@R`UKKiExELAP`|QEQ`|REQ`|S@R`SKKiEx,,,0,Ôgr,200428,26805.14317,54846.28911,Fς,2017/5/16 9:30,,OJ
117,cΏZ,厚ʌPRQRԒn̂PA厚΂SPWԒn̂PA厚΂SQTԒnA厚ʌPRPWԒn̂P,P`|PAP`|QAQ`|RAQ`|S,P`|P@R`UKKiExELAP`|QEQ`|REQ`|S@R`SKKiEx,,,0,Ôgr,200429,26860.76194,54806.2879,Fς,2017/5/16 9:30,,OJ
117,cΏZ,厚ʌPRQRԒn̂PA厚΂SPWԒn̂PA厚΂SQTԒnA厚ʌPRPWԒn̂P,P`|PAP`|QAQ`|RAQ`|S,P`|P@R`UKKiExELAP`|QEQ`|REQ`|S@R`SKKiEx,,,0,Ôgr,200430,26779.51972,54860.66312,Fς,2017/5/16 9:30,,OJ
117,cΏZ,厚ʌPRQRԒn̂PA厚΂SPWԒn̂PA厚΂SQTԒnA厚ʌPRPWԒn̂P,P`|PAP`|QAQ`|RAQ`|S,P`|P@R`UKKiExELAP`|QEQ`|REQ`|S@R`SKKiEx,,,0,Ôgr,200431,26756.39144,54875.04175,Fς,2017/5/16 9:30,,OJ
118,cuZ,ݖkRڂQ,P`|P,R`TKKiEx,,,0,Ôgr,200432,28472.33281,66028.71232,Fς,2017/5/16 9:30,,OJ
119,cSZ,厚SPURXԒn̂Q,Q`|PAQ`|QAQ`|RAP`|S,Q`|PEQ`|R@R`TKKiExAQ`|QEP`|S@R`SKKiEx,,,0,Ôgr,200433,26321.7119,59175.23616,Fς,2017/5/16 9:30,,OJ
119,cSZ,厚SPURXԒn̂Q,Q`|PAQ`|QAQ`|RAP`|S,Q`|PEQ`|R@R`TKKiExAQ`|QEP`|S@R`SKKiEx,,,0,Ôgr,200434,26351.71389,59205.23803,Fς,2017/5/16 9:30,,OJ
119,cSZ,厚SPURXԒn̂Q,Q`|PAQ`|QAQ`|RAP`|S,Q`|PEQ`|R@R`TKKiExAQ`|QEP`|S@R`SKKiEx,,,0,Ôgr,200435,26290.45948,59183.99104,Fς,2017/5/16 9:30,,OJ
119,cSZ,厚SPURXԒn̂Q,Q`|PAQ`|QAQ`|RAP`|S,Q`|PEQ`|R@R`TKKiExAQ`|QEP`|S@R`SKKiEx,,,0,Ôgr,200436,26321.08664,59216.48667,Fς,2017/5/16 9:30,,OJ
120,ctZ,厚ʌQWWPԒn̂RT,P`|PAP`|Q,R`SKKiEx,,,0,Ôgr,200437,25649.00709,55202.78407,Fς,2017/5/16 9:30,,OJ
120,ctZ,厚ʌQWWPԒn̂RT,P`|PAP`|Q,R`SKKiEx,,,0,Ôgr,200438,25679.62542,55199.04077,Fς,2017/5/16 9:30,,OJ
120,cݏZ,cPڂPQԁAcPڂPP,Q`|PAQ`|QAQ`|RAP`|S,R`SKKiEx,,,0,Ôgr,200440,27939.46461,66976.73062,Fς,2017/5/16 9:30,,OJ
121,cݏZ,cPڂPQԁAcPڂPP,Q`|PAQ`|QAQ`|RAP`|S,R`SKKiEx,,,0,Ôgr,200439,27960.71107,66994.23187,Fς,2017/5/16 9:30,,OJ
121,cݏZ,cPڂPQԁAcPڂPP,Q`|PAQ`|QAQ`|RAP`|S,R`SKKiEx,,,0,Ôgr,200441,27890.08942,66987.35844,Fς,2017/5/16 9:30,,OJ
121,cݏZ,cPڂPQԁAcPڂPP,Q`|PAQ`|QAQ`|RAP`|S,R`SKKiEx,,,0,Ôgr,200442,27873.83946,66949.85433,Fς,2017/5/16 9:30,,OJ
122,cԉZ,ԉPWgAԉPXg,WTAWU,WT@R`POKKiExELAWU@R`PQKKiExEL,,,0,Ôgr,200443,23414.53603,56780.7131,Fς,2017/5/16 9:30,,OJ
122,cԉZ,ԉPWgAԉPXg,WTAWU,WT@R`POKKiExELAWU@R`PQKKiExEL,,,0,Ôgr,200444,23445.16287,56833.22206,Fς,2017/5/16 9:30,,OJ
123,U{vpr,ߍPڂR|V,,RK`WK̊KiExEʘH,,,0,Ôgr,200445,27072.56683,63856.61139,Fς,2017/5/16 9:30,,OJ
124,̊ۃr,΂RڂP|QX,,RK`VK̊KiExEʘH,,,0,Ôgr,200446,27234.22483,54781.87439,Fς,2017/5/16 9:30,,OJ
125,Vg,R|Q|S,,RK`TK̊KiExEʘH,,,0,Ôgr,200447,27958.14829,60952.09843,Fς,2017/5/16 9:30,,OJ
126,啪sh,ߒPڂPԂP,,SKu,,,0,Ôgr,200448,26729.35984,57411.79773,Fς,2017/5/16 9:30,,OJ
127,啪sh,ߍPڂPԂQU,,SKu,,,0,Ôgr,200449,26967.86125,64716.65974,Fς,2017/5/16 9:30,,OJ
128,Rpz[,{PڂTԂRW,,RK`UK̊KiEʘHEr[,,,0,Ôgr,200450,26265.90997,56963.8936,Fς,2017/5/16 9:30,,OJ
131,{ʏr,QQOR,,RK`TK̊KiExEʘH,,,0,Ôgr,200455,26948.12604,67229.04768,Fς,2017/5/16 9:30,,OJ
132,p[NTChԍ,ԍPڂSԂU,,RK`WK̊KiExEʘH,,,0,Ôgr,200456,27845.66049,61905.21959,Fς,2017/5/16 9:30,,OJ
133,ی𗬉,ђP|V|RU,,RK`SK̊KiExEʘH,,,0,Ôgr,200457,26198.76382,57735.34026,Fς,2017/5/16 9:30,,OJ
134,G~lXV,ݖkP|PU|RP,,RK̒ʘH,,,0,Ôgr,200458,27941.93107,66469.22795,Fς,2017/5/16 9:30,,OJ
135,WIߍ,ߍP|PO|QR,,RK`PTK̊KiExEʘH,,,0,Ôgr,200459,26918.27431,64314.02077,Fς,2017/5/16 9:30,,OJ
136,p[NnCcn,厚ߍQUVU|P,,RK`SK̊KiExEʘH,,,0,Ôgr,200460,27275.85163,64105.93457,Fς,2017/5/16 9:30,,OJ
137,C{[nCcߍ,厚ߍQRUU|P,,RK̒ʘH,,,0,Ôgr,200461,27337.56178,63883.709,Fς,2017/5/16 9:30,,OJ
138,a@,ߍR|V|PP,,RK`TK̊KiExEʘH,,,0,Ôgr,200462,26847.56907,63936.84617,Fς,2017/5/16 9:30,,OJ
139,OCX͑,OR|PO|RP,,RK`SK̊KiExEʘH,,,0,Ôgr,200463,27923.86409,63228.60075,Fς,2017/5/16 9:30,,OJ
140,߉Hr,Q|Q|RU,,RK`PPK̊KiExEʘH,,,0,Ôgr,200464,27534.06075,59462.13508,Fς,2017/5/16 9:30,,OJ
141,nj[snln,Í`Q|P|QV,,RK`SK̊KiExEʘH,,,0,Ôgr,200465,26974.15249,62965.98075,Fς,2017/5/16 9:30,,OJ
142,tNV啪,ݖkR|PO|PP,,RK`TK̊KiExEʘH,,,0,Ôgr,200466,28444.64608,66235.98006,Fς,2017/5/16 9:30,,OJ
143,y.a.k.m,msPڂU|QTAmsPڂU|RT,TAU,RK`SK̊KiEʘH,,,0,Ôgr,200467,26452.99084,70011.24764,Fς,2017/5/16 9:30,,OJ
143,y.a.k.m,msPڂU|QTAmsPڂU|RT,TAU,RK`SK̊KiEʘH,,,0,Ôgr,200468,26441.73733,69976.2412,Fς,2017/5/16 9:30,,OJ
144,SZebNXGWБ,Q|W|SP,,RK`TK̊KiExEʘH,,,0,Ôgr,200469,28482.12929,61412.08319,Fς,2017/5/16 9:30,,OJ
146,R[|T^,ߍQڂPԂQW,,RK`SK̊KiExEʘH,,,0,Ôgr,200471,27133.76337,63446.18865,Fς,2017/5/16 9:30,,OJ
147,ߍi@,OR|P|R,,RK`UK̊KiExEʘH,,,0,Ôgr,200472,28030.10172,63051.92589,Fς,2017/5/16 9:30,,OJ
148,WIߍ,kߍPڂU|PP,,RK`XK̊KiExELyщ,,,0,Ôgr,200473,27023.04936,64409.52492,Fς,2017/5/16 9:30,,OJ
149,CeWFgR[|U`,Q|R|PR,,RK`SK̊KiExEʘH,,,0,Ôgr,200474,28052.18554,67598.18021,Fς,2017/5/16 9:30,,OJ
150,CeWFgR[|Ua,Q|R|PT,,RK`SK̊KiExEʘH,,,0,Ôgr,200475,28046.56582,67611.30141,Fς,2017/5/16 9:30,,OJ
151,l,Q|Q|PW,,RK`WK̊KiExEʘH,,,0,Ôgr,200476,28074.46966,67568.66498,Fς,2017/5/16 9:30,,OJ
152,t[nCCYw,哹PڂWԂQO,,RK`VK̊KiExEʘH,,,0,Ôgr,200477,25882.00035,56163.08746,Fς,2017/5/16 9:30,,OJ
153,ٓVĐZ^[,ٓVlڂP|P,D,RK̑쎺ETyтRKȏ̊KiEKi,,,0,Ôgr,200497,28105.36795,57298.91003,Fς,2017/5/16 9:30,,OJ
154,ANAXe[W,ݖkR|P|QP,,RK`TK̊KiExEʘH,,,0,Ôgr,200498,28340.24927,66019.46373,Fς,2017/5/16 9:30,,OJ
155,TCYnCc,O쉺P|R|Q,,RK̊KiEx,,,0,Ôgr,200499,27665.48671,62113.92296,Fς,2017/5/16 9:30,,OJ
156,O[qדc,דcQ|T|U,,RK`PPK̊KiExEʘH,,,0,Ôgr,200500,27625.73154,56873.15042,Fς,2017/5/16 9:30,,OJ
157,J[T[ݖk,ݖkP|W|TO,,RK̒ʘH,,,0,Ôgr,200501,27875.81428,66108.64088,Fς,2017/5/16 9:30,,OJ
158,{DK藾,厚{_PQQ,,RK`VK̊KiExEʘH,,,0,Ôgr,200502,26688.58357,73707.77913,Fς,2017/5/16 9:30,,OJ
160,O[q΍`,΍`QڂPQ|PT,,RK`PSK̊KiExEʘH,,,0,Ôgr,200504,27692.78687,54109.34815,Fς,2017/5/16 9:30,,OJ
161,HAShDYy[΍`,΍`QڂT|PS,,RK`PRK̊KiExEʘH,,,0,Ôgr,200505,27661.37238,54330.45573,Fς,2017/5/16 9:30,,OJ
162,|[×,×1ڂRԂX,,RK`PPK̊KiExEʘH,,,0,Ôgr,200517,27190.69459,58517.18359,Fς,2017/5/16 9:30,,OJ
163,TnCc,R|PQ|SW,,RK`VK̘LEʘHEKi,,,0,Ôgr,200518,27152.57066,60044.79028,Fς,2017/5/16 9:30,,OJ
164,nCc,ߍ1ڂRԂPO,,RK`TK̊KiExEʘH,,,0,Ôgr,200519,26955.81195,64285.55446,Fς,2017/5/16 9:30,,OJ
165,AX[TQ,RڂUԂQX,,RK̒ʘH,,,0,Ôgr,200520,27326.66517,64959.37327,Fς,2017/5/16 9:30,,OJ
166,OhI[Nq,qR̎蒬TԂP,,RK`VK̊KiExEʘH,,,0,Ôgr,200521,26890.22575,54843.23713,Fς,2017/5/16 9:30,,OJ
167,p[NTCh͂,R|PP|PT,,R`WK̊KiExEʘH,,,0,Ôgr,200522,27111.24843,60021.3023,Fς,2017/5/16 9:30,,OJ
169,j[o[VR,V쒬QڂXԂRT,,RK`TK̊KiExEʘH,,,0,Ôgr,200524,28057.11466,56844.47436,Fς,2017/5/16 9:30,,OJ
170,r,铌PO|W,,RK`VK̊KiExEʘH,,,0,Ôgr,200525,27082.34391,60510.45681,Fς,2017/5/16 9:30,,OJ
171,R[|,Ԓ×PڂPP|X,,RK̒ʘH,,,0,Ôgr,200526,27392.48001,58944.58541,Fς,2017/5/16 9:30,,OJ
172,C},×QڂQ|R,,RK`SK̊KiExEʘH,,,0,Ôgr,200527,26929.50905,58894.98596,Fς,2017/5/16 9:30,,OJ
173,CnCc×,×PڂV|PR,,RK`SK̊KiExEʘH,,,0,Ôgr,200528,26952.0935,58840.99693,Fς,2017/5/16 9:30,,OJ
174,]`qb×,×PڂR|RP,,RK`SK̊KiExEʘH,,,0,Ôgr,200529,26770.6832,58663.5385,Fς,2017/5/16 9:30,,OJ
175,wZ,{_XST|Q,,PK`QK̊KiExEʘH,,,0,Ôgr,200530,26722.99864,74494.87859,Fς,2017/5/16 9:30,,OJ
176,_蒆wZ,{_SWO,Ǘ,PK`RK̊KiExEʘH,,,0,Ôgr,200531,26588.56642,74320.96815,Fς,2017/5/16 9:30,,OJ
176,_蒆wZ,{_SWO,ʓʓ,PK`SK̊KiExEʘH,,,0,Ôgr,200584,26582.31611,74285.34153,Fς,2017/5/16 9:30,,OJ
177,wZ,΂WQ|P,k,RK`SK̊KiExEʘH,,,0,Ôgr,200532,27075.40651,53620.61274,Fς,2017/5/16 9:30,,OJ
177,wZ,΂WQ|P,,RK̒ʘH,,,0,Ôgr,200585,27043.53137,53601.86314,Fς,2017/5/16 9:30,,OJ
178,iju؏wZ,u؂QOV|P,,RK̒ʘH,,,0,Ôgr,200533,27550.39007,77783.62329,Fς,2017/5/16 9:30,,OJ
179,×wZ,×P|S|P,k,R`SK̊KiExEʘH,,,0,Ôgr,200534,26875.91946,58762.16565,Fς,2017/5/16 9:30,,OJ
179,×wZ,×P|S|P,,RK̒ʘH,,,0,Ôgr,200586,26849.67351,58757.17112,Fς,2017/5/16 9:30,,OJ
179,×wZ,×P|S|P,,RK̒ʘH,,,0,Ôgr,200587,26821.54439,58769.0455,Fς,2017/5/16 9:30,,OJ
180,̑䏬wZ,ɂuRڂPVPV|P,ʋ,PK`RK̊KiExEʘH,,,0,Ôgr,200535,25443.12798,54482.25186,Fς,2017/5/16 9:30,,OJ
180,̑䏬wZ,ɂuRڂPVPV|P,ʋ,PK`RK̊KiExEʘH,,,0,Ôgr,200634,25467.5059,54455.37687,Fς,2017/5/16 9:30,,OJ
181,啪wZ,Q|QO|P,ʋyѓʋ,PK`RK̊KiExEʘH,,,0,Ôgr,200536,26241.10878,53916.39019,Fς,2017/5/16 9:30,,OJ
181,啪wZ,Q|QO|P,ǗEʓʋ,PK`RK̊KiExEʘH,,,0,Ôgr,200636,26221.10901,53945.13871,Fς,2017/5/16 9:30,,OJ
181,啪wZ,Q|QO|P,ǗEʋ,PK`RK̊KiExEʘH,,,0,Ôgr,200637,26205.48344,53913.2609,Fς,2017/5/16 9:30,,OJ
182,cwZ,ۂRW|Q,,RK̒ʘH,,,0,Ôgr,200537,23612.63259,64307.28501,Fς,2017/5/16 9:30,,OJ
182,cwZ,ۂRW|Q,,3K̒ʘH,,,0,Ôgr,200588,23632.00902,64254.16249,Fς,2017/5/16 9:30,,OJ
183,zwZ,ۂPXV|P,ʋyѓʋ,RK̒ʘH,,,0,Ôgr,200538,23428.32024,64590.35311,Fς,2017/5/16 9:30,,OJ
183,zwZ,ۂPXV|P,ǗEʋ,RK̒ʘH,,,0,Ôgr,200638,23383.93918,64583.46953,Fς,2017/5/16 9:30,,OJ
184,哹wZ,哹Q|X|TV,Ǘʕʋ,R`SK̊KiExEʘH,,,0,Ôgr,200539,26043.47181,55977.67817,Fς,2017/5/16 9:30,,OJ
184,哹wZ,哹Q|X|TV,ʋ,R`SK̊KiExEʘH,,,0,Ôgr,200639,26078.46842,55958.30676,Fς,2017/5/16 9:30,,OJ
184,哹wZ,哹Q|X|TV,ʋ,R`SK̊KiExEʘH,,,0,Ôgr,200640,26052.21878,55937.05161,Fς,2017/5/16 9:30,,OJ
185,YwZ,{͓STUU,k,PK`SK̊KiExEʘH,,,0,Ôgr,200540,22599.44651,65047.7829,Fς,2017/5/16 9:30,,OJ
185,YwZ,{͓STUU,,PK`RK̊KiExEʘH,,,0,Ôgr,200589,22571.9439,65065.90491,Fς,2017/5/16 9:30,,OJ
186,rwZ,rR|P|XO,,RK̒ʘH,,,0,Ôgr,200541,26087.25684,57105.3488,Fς,2017/5/16 9:30,,OJ
186,rwZ,rR|P|XO,k,RK̒ʘH,,,0,Ôgr,200583,26149.76054,57104.09563,Fς,2017/5/16 9:30,,OJ
187,샖uwZ,쒬S|T,Ǘ,RK̒ʘH,,,0,Ôgr,200542,25476.90538,57123.99225,Fς,2017/5/16 9:30,,OJ
187,샖uwZ,쒬S|T,ʋ,RK̒ʘH,,,0,Ôgr,200641,25493.78974,57149.61597,Fς,2017/5/16 9:30,,OJ
187,샖uwZ,쒬S|T,ʋ,RK̒ʘH,,,0,Ôgr,200642,25455.03606,57157.74752,Fς,2017/5/16 9:30,,OJ
188,ߍ蒆wZ,FtPQOO|P,,R`SK̊KiExEʘH,,,0,Ôgr,200543,26437.3559,64054.02707,Fς,2017/5/16 9:30,,OJ
188,ߍ蒆wZ,FtPQOO|P,k,RK̒ʘH,,,0,Ôgr,200590,26457.35147,64082.77586,Fς,2017/5/16 9:30,,OJ
188,ߍ蒆wZ,FtPQOO|P,,R`SK̊KiExEʘH,,,0,Ôgr,200591,26415.48424,64038.40294,Fς,2017/5/16 9:30,,OJ
189,铌wZ,q㒬PS|PX,쓌,RK̊KiExEʘH,,,0,Ôgr,200544,26689.5899,60224.08513,Fς,2017/5/16 9:30,,OJ
189,铌wZ,q㒬PS|PX,k,R`SK̊KiExEʘH,,,0,Ôgr,200592,26726.46392,60184.70827,Fς,2017/5/16 9:30,,OJ
189,铌wZ,q㒬PS|PX,쐼,RK̒ʘH,,,0,Ôgr,200593,26677.71067,60164.71378,Fς,2017/5/16 9:30,,OJ
190,ݐwZ,pqP|S|SP,ǗEʓʋ,RK̒ʘH,,,0,Ôgr,200545,27633.13225,66019.3588,Fς,2017/5/16 9:30,,OJ
190,ݐwZ,pqP|S|SP,ʋ,RK̒ʘH,,,0,Ôgr,200643,27680.01157,66044.35718,Fς,2017/5/16 9:30,,OJ
190,ݐwZ,pqP|S|SP,nAgEʋ,RK̒ʘH,,,0,Ôgr,200644,27635.00346,66074.36103,Fς,2017/5/16 9:30,,OJ
191,mswZ,msT|W|P,,R`SK̊KiExEʘH,,,0,Ôgr,200546,26134.74502,70485.75704,Fς,2017/5/16 9:30,,OJ
192,֒wZ,ւQ|PPQ|Q,k,R`SK̊KiExEʘH,,,0,Ôgr,200547,28002.17864,80444.56588,Fς,2017/5/16 9:30,,OJ
192,֒wZ,ւQ|PPQ|Q,,R`SK̊KiExEʘHE,,,0,Ôgr,200645,27958.4245,80450.81719,Fς,2017/5/16 9:30,,OJ
193,֏wZ,ւPPOS,,PK`RK̊KiExEʘH,,,0,Ôgr,200548,27661.11746,81511.24061,Fς,2017/5/16 9:30,,OJ
194,V[NnCc,P|SS,,R`SK̊KiExEʘH,,,0,Ôgr,200549,26847.63925,65618.85532,Fς,2017/5/16 9:30,,OJ
195,XyISEQ,uRĝR,,RK̒ʘH,,,0,Ôgr,200554,25620.50804,55156.35683,Fς,2017/5/16 9:30,,OJ
196,IWnC,uRĝQ,,RK̒ʘH,,,0,Ôgr,200555,25853.63568,55006.36078,Fς,2017/5/16 9:30,,OJ
197,nCO[,uPĝQ|P,,RK̒ʘH,,,0,Ôgr,200556,25454.26158,55077.60607,Fς,2017/5/16 9:30,,OJ
198,݃R[|V,ݒPڂPSԂR,,R`WK̊KiExEʘH,,,0,Ôgr,200557,27352.19972,67051.59506,Fς,2017/5/16 9:30,,OJ
199,W哹,哹RڂP|QS,,R`VK̊KiExEʘH,,,0,Ôgr,200558,25746.62768,55961.57924,Fς,2017/5/16 9:30,,OJ
200,f l,ԍ]PS|PX,,R`SK̊KiExEʘH,,,0,Ôgr,200561,27203.96091,65660.39999,Fς,2017/5/16 9:30,,OJ
202,Z,Q|S|S,Q,3K̒ʘH,,,0,Ôgr,200562,27316.73672,57167.17523,Fς,2017/5/16 9:30,,OJ
203,Z,Q|S|P,R,3K̒ʘH,,,0,Ôgr,200563,27291.11315,57165.92809,Fς,2017/5/16 9:30,,OJ
204,דcnCc,דcQڂQԂQV,,R`UK̊KiExEʘH,,,0,Ôgr,200564,27492.78473,57090.7858,Fς,2017/5/16 9:30,,OJ
205,啪,蒬RڂPԂP,V,RK`VK܂ł̘LEKi,,,0,Ôgr,200565,26662.19478,57076.94807,Fς,2017/5/16 9:30,,OJ
206,啪,{RڂPOԂP,ʊ,RK`XK܂ł̘LEyѐKi,,,0,Ôgr,200566,26592.19754,56970.69423,Fς,2017/5/16 9:30,,OJ
207,TCYO,OSڂR|RU,,R`SK̊KiAxAʘH,,,0,Ôgr,200487,27487.54647,62574.30054,Fς,2017/5/16 9:30,,OJ
207,TVeB,P|U|P,,R`TK̊KiExEʘH,,,0,Ôgr,200567,25823.62762,57097.70172,Fς,2017/5/16 9:30,,OJ
208,Z]w,哹Q|V|PQ,,R`TK̊KiExEʘH,,,0,Ôgr,200568,25807.36511,56047.85437,Fς,2017/5/16 9:30,,OJ
209,[QgnC,ߍ3-2-12,,RK̗xEʘH,,,0,Ôgr,200569,26730.70013,64656.56694,Fς,2017/5/16 9:30,,OJ
210,VeBCt,OڂR|QX,,R`WK̊KiExEʘH,,,0,Ôgr,200571,27411.19336,57070.70891,Fς,2017/5/16 9:30,,OJ
211,}X^[Y,P|U|R,,R`TK̊KiExEʘH,,,0,Ôgr,200572,27140.98291,56747.9416,Fς,2017/5/16 9:30,,OJ
212,hDy[R[哹,哹RڂQ|V,,R`PQK̊KiExEʘH,,,0,Ôgr,200573,25623.39678,55947.10736,Fς,2017/5/16 9:30,,OJ
213,At@[,RڂQԂQP,,RK̒ʘH,,,0,Ôgr,200574,27394.24596,57286.67187,Fς,2017/5/16 9:30,,OJ
214,N}[,QڂSԂRW,,RK̒ʘH,,,0,Ôgr,200575,27306.31702,57231.87687,Fς,2017/5/16 9:30,,OJ
215,i@r,꒚ڂPԂQW,,R`SK̊KiExEʘH,,,0,Ôgr,200576,27045.12406,56728.4476,Fς,2017/5/16 9:30,,OJ
216,r,꒚ڂPԂQS,,R`UK̊KiExEʘH,,,0,Ôgr,200577,27065.35225,56728.69308,Fς,2017/5/16 9:30,,OJ
217,R[|,ђP|PQ|Q,,RK̒ʘH,,,0,Ôgr,200578,26150.3273,57758.0787,Fς,2017/5/16 9:30,,OJ
218,p[NTChnCc@Jx,VnQ|U|RR,,R`UK̊KiExEʘH,,,0,Ôgr,200579,28216.71118,58244.79161,Fς,2017/5/16 9:30,,OJ
219,l,R|R|P,,R`TK̊KiExEʘH,,,0,Ôgr,200580,27312.25448,56806.20577,Fς,2017/5/16 9:30,,OJ
220,X^[_Xg,R|R|PV,,R`VK̊KiExEʘH,,,0,Ôgr,200581,27321.68707,56839.4256,Fς,2017/5/16 9:30,,OJ
222,T[pXV,V쒬PڂPOԂSR,,R`POK̊KiExEʘH,,,0,Ôgr,200594,27793.08659,56806.25883,Fς,2017/5/16 9:30,,OJ
224,r,QڂQԂRW,,RK`TK̊KiExEʘH,,,0,Ôgr,200595,25770.47422,57267.13922,Fς,2017/5/16 9:30,,OJ
225,iCXA,RڂVԂX,,RK`PPK̊KiExEʘH,,,0,Ôgr,200596,27402.78055,56816.37431,Fς,2017/5/16 9:30,,OJ
226,hR[|T,lQڂTԂQ,,RK`SK̊KiExEʘH,,,0,Ôgr,200597,27641.81833,58975.49054,Fς,2017/5/16 9:30,,OJ
227,Tj[r,PڂPԂPO,,RK`TK̊KiExEʘH,,,0,Ôgr,200598,27113.81489,57067.37503,Fς,2017/5/16 9:30,,OJ
228,x͂,RڂUԂV,,RK`SK̊KiExEʘH,,,0,Ôgr,200599,27412.18354,59788.0927,Fς,2017/5/16 9:30,,OJ
229,JRr,×QڂXԂU,,RK`UK̊KiExEʘH,,,0,Ôgr,200602,27399.59776,58697.04266,Fς,2017/5/16 9:30,,OJ
230,TnCcߍ,kߍPڂUԂQU,,RK`POK̊KiExEʘH,,,0,Ôgr,200603,27020.25653,64342.96037,Fς,2017/5/16 9:30,,OJ
231,r[nC,ƒQڂPԂQR,,RK̒ʘH,,,0,Ôgr,200604,27305.89883,56032.64515,Fς,2017/5/16 9:30,,OJ
232,r,蒬PڂXԂPQ,,RK̒ʘH,,,0,Ôgr,200605,27500.1581,61983.90255,Fς,2017/5/16 9:30,,OJ
233,SEBLD,Ԓ×QڂSԂR,,RK`SK̊KiExEʘH,,,0,Ôgr,200606,27139.52398,59024.76727,Fς,2017/5/16 9:30,,OJ
235,GNZgEbN,OڂRԂQS,,RK`WK̊KiExEʘH,,,0,Ôgr,200608,25833.41453,57640.1972,Fς,2017/5/16 9:30,,OJ
236,PA}V͂Ȃ,ԍ]S|QW,,RK`UK̊KiExEʘHEEH,,,0,Ôgr,200609,27492.02225,65969.49704,Fς,2017/5/16 9:30,,OJ
237,xF,VnPڂPԂRW,,RK`PPK̊KiExEʘH,,,0,Ôgr,200610,28003.75464,57929.29898,Fς,2017/5/16 9:30,,OJ
238,scQZ,厚RORԒn̂S,Q`P,RK`TK̊KiExEʘH,,,0,Ôgr,200614,22666.59862,55160.33027,Fς,2017/5/16 9:30,,OJ
238,scQZ,厚RORԒn̂S,P`P,RK`TK̊KiExEʘH,,,0,Ôgr,200615,22702.85214,55168.45041,Fς,2017/5/16 9:30,,OJ
238,scQZ,厚RORԒn̂S,P`Q,RK`TK̊KiExEʘH,,,0,Ôgr,200616,22634.09005,55149.69973,Fς,2017/5/16 9:30,,OJ
239,mFЁ@{Ѓr,PڂPԂUR,,RK̑cAz[A뉀AqK,,,0,Ôgr,200611,28443.69468,61577.99363,Fς,2017/5/16 9:30,,OJ
240,vU,꒚ڂPԂPQ,,RK`WK̊KiExEʘH,,,0,Ôgr,200612,27115.41752,57089.11477,Fς,2017/5/16 9:30,,OJ
241,mjir,Ԓ×PڂWԂW,,RK`SK̊KiExEʘH,,,0,Ôgr,200613,27258.60326,58828.83489,Fς,2017/5/16 9:30,,OJ
242,쒆wZ,蒬PڂPOԂP,k,RK`SK̊KiExEʘH,,,0,Ôgr,200620,27610.50602,61936.51606,Fς,2017/5/16 9:30,,OJ
242,쒆wZ,蒬PڂPOԂP,,RK`SK̊KiExEʘH,,,0,Ôgr,200621,27578.00588,61950.88645,Fς,2017/5/16 9:30,,OJ
244,䏬wZ,R|P|W,,QK̒ʘHA,,,0,Ôgr,200624,25120.40028,69610.2012,Fς,2017/5/16 9:30,,OJ
245,OwZ,OTڂUԂW,,RK̒ʘHA,,,0,Ôgr,200625,28256.96017,63446.86573,Fς,2017/5/16 9:30,,OJ
246,RXVeBFt,厚FtPOWԒn̂Q,,RK`PPK̊KiExEʘH,,,0,Ôgr,200626,26712.72498,62922.67228,Fς,2017/5/16 9:30,,OJ
247,啪uٍwZ,uPڂPPԂPS,,LyъwZ~n,,,0,Ôgr,200627,25119.19754,56915.97088,Fς,2017/5/16 9:30,,OJ
247,啪uٍwZ,uPڂPPԂPS,̈ٓ,̈ٓLyъwZ~n,,,0,Ôgr,200628,25051.69556,56877.84552,Fς,2017/5/16 9:30,,OJ
248,NTTlr,lRڂPTԂPO,,,,,0,Ôgr,200629,26651.09603,57714.21948,Fς,2017/5/16 9:30,,OJ
249,NTTߍr,ߍPڂPԂU,,,,,0,Ôgr,200630,27013.39044,64153.55387,Fς,2017/5/16 9:30,,OJ
250,WIF,VnQ|R|RO,,RK`PRK̊KiExEʘH,,,0,Ôgr,200631,28101.81445,58381.49645,Fς,2017/5/16 9:30,,OJ
251,WIt,tPQ|QV,,RK`PTK̊KiExEʘH,,,0,Ôgr,200632,26749.04988,55516.39755,Fς,2017/5/16 9:30,,OJ
252,Go[Ct,P|Q|SV,,RK`PPK̊KiExEʘH,,,0,Ôgr,200646,27089.67649,57199.83828,Fς,2017/5/16 9:30,,OJ
255,T[,PڂQԂP,,RK`XK̊KiExEʘH,,,0,Ôgr,200647,27187.81539,59356.93414,Fς,2017/5/16 9:30,,OJ
256,r,PڂQԂSV,,RK`UK̊KiExEʘH,,,0,Ôgr,200648,27221.7261,59401.92077,Fς,2017/5/16 9:30,,OJ
257,WIߍ,ߍQڂQԂPV,,RK`PSK̊KiExEʘH,,,0,Ôgr,200649,26808.64616,64401.27438,Fς,2017/5/16 9:30,,OJ
259,fBgsA,ߍQڂUԂQQ,,RK`SK̊OKiExE,,,0,Ôgr,200650,26711.75803,64342.88041,Fς,2017/5/16 9:30,,OJ
260,xp]Ft,FtQUT|U,,RK`POK̊KiExEʘH,,,0,Ôgr,200651,26476.1102,63018.17949,Fς,2017/5/16 9:30,,OJ
261,TR[|,ߍQڂTԂQW,,RK̒ʘH,,,0,Ôgr,200652,26741.26367,64215.1995,Fς,2017/5/16 9:30,,OJ
262,CtnCc,ߍSXU,,RK̒ʘH,,,0,Ôgr,200653,26435.08932,64608.47181,Fς,2017/5/16 9:30,,OJ
263,[~[,OPڂT|PP,,RK̒ʘH,,,0,Ôgr,200654,28242.15717,63237.17909,Fς,2017/5/16 9:30,,OJ
264,hG,QڂQԂV,,RK`SK̊KiExEʘH,,,0,Ôgr,200655,27277.76563,64766.15324,Fς,2017/5/16 9:30,,OJ
265,EB_O,OTڂRԂW,,RK̒ʘH,,,0,Ôgr,200656,28268.04543,63581.2817,Fς,2017/5/16 9:30,,OJ
266,Vg[EE[U,1ڂRԂRP,,RK`TK̊KiExEʘH,,,0,Ôgr,200664,27684.98713,67881.03358,Fς,2017/5/16 9:30,,OJ
267,Vg[EE[,1ڂQԂRP,,RK`TK̊KiExEʘH,,,0,Ôgr,200666,27615.66538,67877.78169,Fς,2017/5/16 9:30,,OJ
268,TofB1117,1ڂW|R,,RK̒ʘH,,,0,Ôgr,200667,27145.42936,61882.87135,Fς,2017/5/16 9:30,,OJ
269,OaR[|@No.33,R|T|Q,,RK`TK̊KiExEʘH,,,0,Ôgr,200668,27679.80854,61712.07302,Fς,2017/5/16 9:30,,OJ
270,vh[,PڂTԂPT,,RK`SK̊KiExEʘH,,,0,Ôgr,200669,27244.0407,64701.09198,Fς,2017/5/16 9:30,,OJ
271,R[|Jl,OQڂUԂQS,,RK̒ʘH,,,0,Ôgr,200670,27750.95911,62921.38456,Fς,2017/5/16 9:30,,OJ
272,~loߍ,ߍPڂPԂV,,RK`PPK̊KiExEʘH,,,0,Ôgr,200671,27077.47406,63995.41944,Fς,2017/5/16 9:30,,OJ
273,O[qr,rOڂRԂX,,RK`PTK̊KiExEʘH,,,0,Ôgr,200672,26133.45234,57229.39739,Fς,2017/5/16 9:30,,OJ
274,X^WATChFl,Bl꒚ڂT|T,,RK`POK̊KiExEʘH,,,0,Ôgr,200673,28052.96243,58645.68057,Fς,2017/5/16 9:30,,OJ
275,t[X,PڂRԂPP,,RK`SK̊KiExEʘH,,,0,Ôgr,200674,27672.72644,61202.2733,Fς,2017/5/16 9:30,,OJ
276,O[q,PڂQԂSP,,RK`PRK̊KiExEʘH,,,0,Ôgr,200678,27092.18057,57254.06611,Fς,2017/5/16 9:30,,OJ
277,EB_P@A,|PڂX|TO,,RK̒ʘH,,,0,Ôgr,200679,27144.80355,67805.17357,Fς,2017/5/16 9:30,,OJ
278,EB_P@B,|PڂX|SX,,RK̒ʘH,,,0,Ôgr,200680,27124.33853,67796.55701,Fς,2017/5/16 9:30,,OJ
279,EB_͂,|PڂT|PR,,RK̒ʘH,,,0,Ôgr,200677,27108.09271,67725.13176,Fς,2017/5/16 9:30,,OJ
280,r,PڂP|QU,,RK`SK̊KiExEʘH,,,0,Ôgr,200681,27078.02208,59359.74811,Fς,2017/5/16 9:30,,OJ
281,]Fa,Ԓ×Q|PT|PV,,RK`SK̊KiExEʘH,,,0,Ôgr,200682,27382.66832,59212.98976,Fς,2017/5/16 9:30,,OJ
282,RXVeB,厚ÂQ|Q,,RK`POK̊KiExEʘH,,,0,Ôgr,200683,26621.14018,63592.80982,Fς,2017/5/16 9:30,,OJ
283,P܋r,×PڂSԂQP,,RK`SK̊KiExEʘH,,,0,Ôgr,200709,27191.71712,58587.52168,Fς,2017/5/16 9:30,,OJ
284,}gr,OTڂQԂQV,,RK̒ʘH,,,0,Ôgr,200710,28312.94678,63652.03309,Fς,2017/5/16 9:30,,OJ
285,FfB,厚ÂPUԒn̂P,,RK`WK̊KiExEʘH,,,0,Ôgr,200711,26616.49995,63524.57721,Fς,2017/5/16 9:30,,OJ
286,A[opX,RڂQԂS,,RK`TK̊KiExEʘH,,,0,Ôgr,200712,28027.41861,61368.1554,Fς,2017/5/16 9:30,,OJ
287,GKX{{V,ԍ]PQ|QW,,RK`SK̊KiExEʘH,,,0,Ôgr,200713,27241.60133,65767.30949,Fς,2017/5/16 9:30,,OJ
288,EB_|,|QڂUԂW,,RK̒ʘH,,,0,Ôgr,200714,26992.56988,68177.85614,Fς,2017/5/16 9:30,,OJ
289,{XRÇT,OPڂSԂPW,,RK̒ʘH,,,0,Ôgr,200715,27232.92013,63079.22985,Fς,2017/5/16 9:30,,OJ
290,{XRÇU,OPڂSԂPO,,RK`SK̊KiExEʘH,,,0,Ôgr,200716,27248.25846,63082.87633,Fς,2017/5/16 9:30,,OJ
291,O[qt,tWԂQR,,RK`WK̊KiExEʘH,,,0,Ôgr,200717,26949.41777,55463.38729,Fς,2017/5/16 9:30,,OJ
292,vVXQP,rSڂT|PV,,RK`POK̊KiExEʘH,,,0,Ôgr,200718,26069.21675,57277.41716,Fς,2017/5/16 9:30,,OJ
293,fBpX啪,PڂPS|U,,RK`SK̊KiExEʘH,,,0,Ôgr,200719,27333.15469,59672.47383,Fς,2017/5/16 9:30,,OJ
294,L`EZ,L`PPg,A,RKȏ̊KiExEʘH,,,0,Ôgr,200720,23344.49099,55793.90629,Fς,2017/5/16 9:30,,OJ
294,L`EZ,L`PPg,B,RKȏ̊KiExEʘH,,,0,Ôgr,200721,23304.48846,55791.40404,Fς,2017/5/16 9:30,,OJ
295,}V,哹S|R|UQ,,RK`SK̊KiExEʘH,,,0,Ôgr,200722,25434.17321,55239.48484,Fς,2017/5/16 9:30,,OJ
296,TR[|,哹Q|T|QO,,RK`SK̊KiExEʘH,,,0,Ôgr,200723,25564.29725,55336.52814,Fς,2017/5/16 9:30,,OJ
297,zgz[啪,r꒚ڂTԂP,,RK̑z[AzCG,,,0,Ôgr,200725,25752.08578,56480.34167,Fς,2017/5/16 9:30,,OJ
298,AFj[,蒬QڂSԂRO,,3K`9K̊KiExEʘH,,,0,Ôgr,200726,26903.66658,57243.43432,Fς,2017/5/16 9:30,,OJ
299,]t,ݖkP|R|PV,,RK̒ʘH,,,0,Ôgr,200727,28131.78068,65998.92127,Fς,2017/5/16 9:30,,OJ
300,tR[|UAV,ݖk1-7-35,,RK̒ʘH,,,0,Ôgr,200728,27938.35662,66072.36825,Fς,2017/5/16 9:30,,OJ
300,tR[|UAV,ݖk1-7-35,,RK̒ʘH,,,0,Ôgr,200729,27942.1019,66097.99504,Fς,2017/5/16 9:30,,OJ
301,啪a@,厚u765Ԓn,,1K̃r[EʘH,,,0,Ôgr,200730,26824.14143,65758.44665,Fς,2017/5/16 9:30,,OJ
302,Tj[pXkc,ݖk2-1,,RK`SK̊KiExEʘH,,,0,Ôgr,200731,27811.17583,66558.55138,Fς,2017/5/16 9:30,,OJ
303,AhoXR,RÒQڂP|U,,RK`VK̊KiExEʘH,,,0,Ôgr,200732,27169.11579,62277.03529,Fς,2017/5/16 9:30,,OJ
304,Oq}V,q㒬6-5,,RK`UK̊KiExEʘH,,,0,Ôgr,200733,26564.5949,59630.50604,Fς,2017/5/16 9:30,,OJ
305,OfU,Ԓ×1-9-23,,RK̒ʘH,,,0,Ôgr,200734,27303.60407,58898.26296,Fς,2017/5/16 9:30,,OJ
306,Xy[Xt@Cu,厚1053Ԓn1,,RK`TK̊KiExEʘHE,,,0,Ôgr,200735,27496.30886,56119.83546,Fς,2017/5/16 9:30,,OJ
307,啪r,2-1-27,,RK`SK̊KiExEʘH,,,0,Ôgr,200736,27285.12351,54487.84449,Fς,2017/5/16 9:30,,OJ
308,twZ,t1-48,쓌,3K̒ʘH,,,0,Ôgr,200737,26835.87132,55678.53787,Fς,2017/5/16 9:30,,OJ
308,twZ,t1-48,k,R`SK̊KiExEʘHE,,,0,Ôgr,200738,26864.62589,55653.53945,Fς,2017/5/16 9:30,,OJ
308,twZ,t1-48,쐼,RK̒ʘH,,,0,Ôgr,200876,26835.24357,55623.54358,Fς,2017/5/16 9:30,,OJ
309,wZ,Hc515Ԓn1,,RK̒ʘH,,,0,Ôgr,200739,23874.62996,59015.18448,Fς,2017/5/16 9:30,,OJ
309,wZ,Hc515Ԓn1,,RK̒ʘH,,,0,Ôgr,200740,23897.74905,59077.06046,Fς,2017/5/16 9:30,,OJ
309,wZ,Hc515Ԓn1,k,RK̒ʘH,,,0,Ôgr,200741,23926.50196,59071.44162,Fς,2017/5/16 9:30,,OJ
310,Tj[R[|A[c,|12-24,,RK`SK̊KiExEʘH,,,0,Ôgr,200742,27081.81049,67615.38362,Fς,2017/5/16 9:30,,OJ
311,_nCc,ݖk4827,,RK̒ʘH,,,0,Ôgr,200743,28383.38631,66723.11148,Fς,2017/5/16 9:30,,OJ
312,pe[ԍ,ԍ3-4-15,,RK`SK̊KiExEʘH,,,0,Ôgr,200744,28097.97863,61824.9171,Fς,2017/5/16 9:30,,OJ
313,lR[|,l1-3-16,,RK`UK̊KiExEʘH,,,0,Ôgr,200745,27627.05228,58711.08115,Fς,2017/5/16 9:30,,OJ
314,nCc,17-43,,RK`SK̊KiExEʘH,,,0,Ôgr,200746,27053.72251,59437.30511,Fς,2017/5/16 9:30,,OJ
315,F^d싅,t1Ԓn,,d싅ȏi,,,0,Ôgr,200749,28028.24151,58472.69118,Fς,2017/5/16 9:30,,OJ
316,tCf,×꒚3-5,,RK`TK̊KiExEʘH,,,0,Ôgr,200750,26799.29848,58662.39662,Fς,2017/5/16 9:30,,OJ
317,2ۑr,l̎s1-3-6,,RK`SK̊KiExEʘH,,,0,Ôgr,200751,27452.25755,54298.39671,Fς,2017/5/16 9:30,,OJ
318,t[WfX,ݖk3-10-26,,RK`SK̊KiExEʘH,,,0,Ôgr,200752,28418.78868,66238.09446,Fς,2017/5/16 9:30,,OJ
319,O[qԊ,蒬QڂT|PU,,RK`PSK̊KiExEʘH,,,0,Ôgr,200753,26988.21577,57272.42058,Fς,2017/5/16 9:30,,OJ
320,At@XeCc啪w,rQ1012,,RK`PRK̊KiExEʘH,,,0,Ôgr,200754,25461.90814,56875.43249,Fς,2017/5/16 9:30,,OJ
321,R[|L^f,×PڂTԂPS,,RK̒ʘH,,,0,Ôgr,200755,27246.10312,58694.5872,Fς,2017/5/16 9:30,,OJ
322,A؃rnCc,PڂU|V,,RK`SK̊KiExEʘH,,,0,Ôgr,200756,27130.55751,59494.21779,Fς,2017/5/16 9:30,,OJ
323,Mr,ÒRڂSԂR,,RK`SK̊KiExEʘH,,,0,Ôgr,200757,27765.08778,58630.94364,Fς,2017/5/16 9:30,,OJ
325,[~[\tCA,|꒚ڂS|QR,,RK̒ʘH,,,0,Ôgr,200759,27195.26098,67679.62738,Fς,2017/5/16 9:30,,OJ
326,SwZ,Sk3-17-23,k,RK̒ʘH,,,0,Ôgr,200760,25534.14911,59083.71442,Fς,2017/5/16 9:30,,OJ
326,SwZ,Sk3-17-23,,RK̒ʘH,,,0,Ôgr,200761,25499.1279,59074.42112,Fς,2017/5/16 9:30,,OJ
327,OaR[|@No.22,Í{9g3,,RK`VK̊KiExEʘH,,,0,Ôgr,200762,24318.70957,57129.67014,Fς,2017/5/16 9:30,,OJ
328,OaR[|@No.21,Í{9g2,,RK`SK̊KiExEʘH,,,0,Ôgr,200763,24343.08893,57196.54533,Fς,2017/5/16 9:30,,OJ
329,XJCR[g21,ݖk39-13,,RK`SK̊KiExEʘH,,,0,Ôgr,200764,28367.27168,66238.80926,Fς,2017/5/16 9:30,,OJ
330,A[,ݖk116-37,,RK̒ʘH,,,0,Ôgr,200765,27964.06766,66438.70953,Fς,2017/5/16 9:30,,OJ
331,wZ,RÒ271,{,RK,,,0,Ôgr,200766,26980.35802,62324.59499,Fς,2017/5/16 9:30,,OJ
331,wZ,RÒ271,,RK̒ʘH,,,0,Ôgr,200767,26965.98107,62255.21759,Fς,2017/5/16 9:30,,OJ
332,NEXTAGE,ԍ]PQ|Q6,,RK`SK̊KiExEʘH,,,0,Ôgr,200768,27255.71701,65754.0092,Fς,2017/5/16 9:30,,OJ
333,啪sZ^[,啪sדcRڂTԂPP,,"RK`SK̊KiExEʘH,4FcA",,,0,Ôgr,200777,27677.57906,57132.51671,Fς,2017/5/16 9:30,,OJ
334,TnCc蒬,蒬2334,,RK`WK̊KiExEʘH,,,0,Ôgr,200778,26395.31076,57179.16058,Fς,2017/5/16 9:30,,OJ
335,A[ou[t,t14,,RK`XK̗xEʘH,,,0,Ôgr,200779,26726.2982,55670.95555,Fς,2017/5/16 9:30,,OJ
336,A[ou[蒬,蒬1123,,RK`XK̊KiExEʘH,,,0,Ôgr,200780,26282.698,57196.18878,Fς,2017/5/16 9:30,,OJ
337,B,|Q827,,RK̒ʘH,,,0,Ôgr,200781,26860.22316,68456.34578,Fς,2017/5/16 9:30,,OJ
338,̋,厚ډ2357Ԓn1,,RK̒ʘH,,,0,Ôgr,200782,22675.15802,79927.82705,Fς,2017/5/16 9:30,,OJ
340,WC86,4ڂV3,,RK`TK̊KiExEʘH,,,0,Ôgr,200788,27645.46154,59749.26552,Fς,2017/5/16 9:30,,OJ
341,EB_ߍ,厚ߍTPQԒn,,RK̗xAʘH,,,0,Ôgr,200582,26361.96806,64607.15951,Fς,2017/5/16 9:30,,OJ
341,OaR[|@No.23,Í{9g5,,RK`PPK̊KiExEʘH,,,0,Ôgr,200789,24378.1104,57162.95115,Fς,2017/5/16 9:30,,OJ
342,OaR[|@No.24,Í{9g6,,RK`PPK̊KiExEʘH,,,0,Ôgr,200790,24363.10496,57106.07846,Fς,2017/5/16 9:30,,OJ
343,O[]߉H,×񒚖1722,,RK`XK̊KiExEʘH,,,0,Ôgr,200855,27003.17667,59137.94924,Fς,2017/5/16 9:30,,OJ
344,WI,4ڂV40,,RK`POK̊KiExEʘH,,,0,Ôgr,200856,27650.32794,59818.98022,Fς,2017/5/16 9:30,,OJ
345,hDy[Ԋ,4ڂV36,,RK`XK̊KiExEʘH,,,0,Ôgr,200857,27654.45743,59859.11503,Fς,2017/5/16 9:30,,OJ
346,EB_EXK,OTڂQ|V,,R`SK̊KiAxAʘH,,,0,Ôgr,200559,28393.20202,63566.02956,Fς,2017/5/16 9:30,,OJ
346,LVlz[@̎,厚pqԓc870Ԓn,,RK̐HEʘHEfbLEx,,,0,Ôgr,200874,27413.20333,66438.70976,Fς,2017/5/16 9:30,,OJ
347,\CK[f,񒚖ڂQ|PT,,RK`SK̊KiExEʘH,,,0,Ôgr,200875,27238.82482,56846.35784,Fς,2017/5/16 9:30,,OJ
348,lwZ,l񒚖ڂUԂRQ,,,,,0,Ôgr,200877,26412.87879,57522.0566,Fς,2017/5/16 9:30,,OJ
348,lwZ,l񒚖ڂUԂRQ,,3K̒ʘH,,,0,Ôgr,200878,26415.37019,57592.68079,Fς,2017/5/16 9:30,,OJ
349,ߏwZ,l2-1,k,RK̒ʘH,,,0,Ôgr,200879,27566.45478,58311.08114,Fς,2017/5/16 9:30,,OJ
349,ߏwZ,l2-1,,RKȏ̊KiAʘHAxA,,,0,Ôgr,200880,27535.82845,58302.32886,Fς,2017/5/16 9:30,,OJ
350,wZ,񒚖2-1,k,RK̒ʘH,,,0,Ôgr,200881,27898.7361,61340.59582,Fς,2017/5/16 9:30,,OJ
350,wZ,񒚖2-1,,RK̒ʘH,,,0,Ôgr,200882,27833.09899,61313.09431,Fς,2017/5/16 9:30,,OJ
350,wZ,񒚖2-1,,RK̒ʘH,,,0,Ôgr,200883,27871.85085,61357.47203,Fς,2017/5/16 9:30,,OJ
351,ߍ菬wZ,ߍO3ԂP,k,RKȏ̊KiExEʘHA,,,0,Ôgr,200884,26740.36064,64498.5809,Fς,2017/5/16 9:30,,OJ
351,ߍ菬wZ,ߍO3ԂP,,RKȏ̊KiExEʘH,,,0,Ôgr,200885,26720.3595,64479.20885,Fς,2017/5/16 9:30,,OJ
352,ʕۏwZ,X963Ԓn1,Ǘ,R`SK̊KiExEʘH,,,0,Ôgr,200886,25427.00575,63842.58002,Fς,2017/5/16 9:30,,OJ
352,ʕۏwZ,X963Ԓn1,,3K̒ʘH,,,0,Ôgr,200887,25447.62815,63766.33604,Fς,2017/5/16 9:30,,OJ
352,ʕۏwZ,X963Ԓn1,,RK̒ʘH,,,0,Ôgr,200888,25418.25381,63768.20667,Fς,2017/5/16 9:30,,OJ
353,mswZ,ms񒚖9-72,k,RKȏ̊KiAʘHAxA,,,0,Ôgr,200889,25650.51109,69923.53763,Fς,2017/5/16 9:30,,OJ
353,mswZ,ms񒚖9-72,,RKȏ̊KiExEʘH,,,0,Ôgr,200890,25611.75859,69910.4143,Fς,2017/5/16 9:30,,OJ
354,qwZ,t6-1,k,RKȏ̊KiExEʘHA,,,0,Ôgr,200891,26453.94012,55410.31904,Fς,2017/5/16 9:30,,OJ
354,qwZ,t6-1,,RKȏ̊KiExEʘHA,,,0,Ôgr,200892,26394.56247,55442.19267,Fς,2017/5/16 9:30,,OJ
354,qwZ,t6-1,,3K̒ʘH,,,0,Ôgr,200893,26394.56242,55376.56882,Fς,2017/5/16 9:30,,OJ
355,wZ,Hc349Ԓn,,3Kȏ̊KiExEʘHE,,,0,Ôgr,200894,24055.76359,59017.97932,Fς,2017/5/16 9:30,,OJ
355,wZ,Hc349Ԓn,k,RKȏ̊KiExEʘH,,,0,Ôgr,200895,24033.88167,59068.60674,Fς,2017/5/16 9:30,,OJ
355,wZ,Hc349Ԓn,k,RKȏ̊KiExEʘH,,,0,Ôgr,200896,24015.13811,59095.4828,Fς,2017/5/16 9:30,,OJ
355,wZ,Hc349Ԓn,,RKȏ̊KiExEʘH,,,0,Ôgr,200897,24010.76955,59051.7264,Fς,2017/5/16 9:30,,OJ
355,wZ,Hc349Ԓn,,RKȏ̊KiExEʘH,,,0,Ôgr,200898,23997.0169,59084.23025,Fς,2017/5/16 9:30,,OJ
355,wZ,Hc349Ԓn,,RKȏ̊KiExEʘH,,,0,Ôgr,200899,23976.39045,59054.85324,Fς,2017/5/16 9:30,,OJ
356,scH25Z,厚֎Y23311,,1`5K̊KiExEʘHE,,,0,Ôgr,200930,27881.12787,81729.17955,Fς,2017/5/16 9:30,,OJ
357,ZEROU,꒚1-7,,R`VK̊KiExEʘH,,,0,Ôgr,200931,28238.65782,61541.28771,Fς,2017/5/16 9:30,,OJ
358,ZEROU,꒚1-17,,R`UK̊KiExEʘH,,,0,Ôgr,200932,27136.77746,59351.01193,Fς,2017/5/16 9:30,,OJ
359,scSH6Z,Sk񒚖129Ԓn,,R`VK̊KiExEʘH,,,0,Ôgr,200933,25464.77155,58634.67842,Fς,2017/5/16 9:30,,OJ
360,hDy[,l1211,,R`PPK̊KiExEʘH,,,0,Ôgr,200934,27632.58711,59961.07608,Fς,2017/5/16 9:30,,OJ
361,XRQԊف@EAST,O4-39,,R`SK̊KiExEʘH,,,0,Ôgr,200935,27420.28376,57188.90217,Fς,2017/5/16 9:30,,OJ
362,XRQԊف@WEST,O4-40,,R`SK̊KiExEʘH,,,0,Ôgr,200936,27420.47447,57166.68671,Fς,2017/5/16 9:30,,OJ
364,OhpXV,啪sV쐼SĝQ,,RK`PTK̊KiExEʘH,,,0,Ôgr,201015,27557.43993,56522.62923,Fς,2017/5/16 9:30,,OJ
365,R[|,×񒚖29,,R`SK̊KiExEʘH,,,0,Ôgr,200951,26945.21413,58289.58298,Fς,2017/5/16 9:30,,OJ
366,RtH[gQP,×񒚖76,,R`SK̊KiExEʘH,,,0,Ôgr,200952,27061.47071,58310.84001,Fς,2017/5/16 9:30,,OJ
368,ݏwZ,c꒚ڂPTԂTW,Z,R`SK̊KiExEʘHE,,,0,Ôgr,200953,27724.09252,67026.39168,Fς,2017/5/16 9:30,,OJ
369,ݒwZ,厚QUOQ-PQ,k,1`SK̊KiExEʘH,,,0,Ôgr,200954,26216.958,67271.79727,Fς,2017/5/16 9:30,,OJ
369,ݒwZ,厚QUOQ-PQ,k,1`SK̊KiExEʘH,,,0,Ôgr,200986,26185.08063,67203.66945,Fς,2017/5/16 9:30,,OJ
369,ݒwZ,厚QUOQ-PQ,,1`SK̊KiExEʘH,,,0,Ôgr,200987,26176.33094,67243.67298,Fς,2017/5/16 9:30,,OJ
372,hDy[ԍ,ԍPڂRԂRO,,R`XK̊KiEx,,,0,Ôgr,201028,27806.61845,61835.92988,Fς,2018/1/22 14:44,2018/1/22 14:44,OJ
373,啪啪ߍwZ,×꒚ڂPXԂP,ǗEʓʋAʋ,RK`TK̊KiExEʘHA,,,0,Ôgr,201029,27276.14877,58070.51212,Fς,2018/1/22 14:49,2018/1/22 14:53,OJ
373,啪啪ߍwZ,×꒚ڂPXԂP,ǗEʓʋAʋ,RK`TK̊KiExEʘHA,,,0,Ôgr,201029,27276.14877,58070.51212,Fς,2018/1/22 14:49,2018/1/22 14:53,OJ
374,דcw,דcQڂTԂUO,,RK`UK̊KiExAI[vXy[XA`[AړIA,,,0,Ôgr,201017,27680.16958,56973.40882,Fς,2017/5/16 9:30,2018/1/22 15:19,OJ
375,{vgHƊЁ@O,厚OQPQQԒn̂T,,R`SK̊KiExEʘH,,,0,Ôgr,201030,29048.37078,63756.13931,Fς,2018/1/22 16:14,2018/1/22 16:15,OJ
376,ORT,蒬񒚖ڂQԂPT,,RK`VK̊KiExEʘH,,,0,Ôgr,201033,27334.47568,62174.47173,Fς,2018/3/30 8:50,2018/3/30 8:50,OJ
378,uqf,񒚖ڂR|X,,RK`SK̊KiExEʘH,,,0,Ôgr,201034,27866.68744,61476.55234,F,2018/3/30 8:58,2018/3/30 8:58,OJ
379,()wZ@,񒚖ڂPԂTQ,,RKȏ̊KiExE,,,0,Ôgr,201035,27219.41667,56694.77815,Fς,2018/3/30 9:08,2018/3/30 9:10,OJ
RVV|P,scTUZ,V|PPgAV|POg,,RK`SK̊KiExEʘH,,,0,Ôgr,201036,22526.32201,55880.29694,Fς,2018/3/30 9:32,2018/3/30 9:33,OJ
RVV|Q,scTUZ,V|PPgAV|POg,,RK`SK̊KiExEʘH,,,0,Ôgr,201037,22551.94681,55863.42239,Fς,2018/3/30 9:34,2018/3/30 9:34,OJ
381,T[pX,×꒚1815,,RK`8K̊KiExEʘH,,,,,,,,,,,
234,TBWfX啪wO,rQڂPSԂR,,RK`XK̊KiExEʘH,,,0,Ôgr,200607,25982.31757,56971.04782,Fς,2017/5/16 9:30,,OJ
